use housing;
INSERT INTO `ahmedabad_lease` (`Property_Id`,`Property_Type`,`Area_sqft`,`Rent_Ru`,`Location`) VALUES (1,'Bare shell Office Space			',900,35000,'Sarkhej, Ahmedabad');
INSERT INTO `ahmedabad_lease` (`Property_Id`,`Property_Type`,`Area_sqft`,`Rent_Ru`,`Location`) VALUES (2,'Bare shell Office Space		',1500,45000,'Prahlad Nagar, Ahmedabad');
INSERT INTO `ahmedabad_lease` (`Property_Id`,`Property_Type`,`Area_sqft`,`Rent_Ru`,`Location`) VALUES (3,'Shop		',192,10000,'Naroda, Ahmedabad');
INSERT INTO `ahmedabad_lease` (`Property_Id`,`Property_Type`,`Area_sqft`,`Rent_Ru`,`Location`) VALUES (4,'Shop		',250,12000,'Chandkheda, Ahmedabad');
INSERT INTO `ahmedabad_lease` (`Property_Id`,`Property_Type`,`Area_sqft`,`Rent_Ru`,`Location`) VALUES (5,'Ready to use Office Space		',3000,160000,'Prahlad Nagar, Ahmedabad');
INSERT INTO `ahmedabad_lease` (`Property_Id`,`Property_Type`,`Area_sqft`,`Rent_Ru`,`Location`) VALUES (6,'Ready to use Office Space			',850,27000,'Mahavir Nagar Society, Ahmedabad');
INSERT INTO `ahmedabad_lease` (`Property_Id`,`Property_Type`,`Area_sqft`,`Rent_Ru`,`Location`) VALUES (7,'Showroom			',2726,80000,'Bopal, Ahmedabad');
INSERT INTO `ahmedabad_lease` (`Property_Id`,`Property_Type`,`Area_sqft`,`Rent_Ru`,`Location`) VALUES (8,'Showroom		',2790,45000,'Changodar, Ahmedabad');
INSERT INTO `ahmedabad_lease` (`Property_Id`,`Property_Type`,`Area_sqft`,`Rent_Ru`,`Location`) VALUES (9,'Ready to use Shop			',350,25000,'Jodhpur, Ahmedabad');
INSERT INTO `ahmedabad_lease` (`Property_Id`,`Property_Type`,`Area_sqft`,`Rent_Ru`,`Location`) VALUES (10,'Ready to use Shop	',200,10000,'Vatva, Ahmedabad');

INSERT INTO `ahmedabad_lease_seller` (`Property_Id`, `Seller`, `Seller_Type`) VALUES ('1', 'Arjun', 'User');
INSERT INTO `ahmedabad_lease_seller` (`Property_Id`, `Seller`, `Seller_Type`) VALUES ('2', 'ANMac Space', 'Broker');
INSERT INTO `ahmedabad_lease_seller` (`Property_Id`, `Seller`, `Seller_Type`) VALUES ('3', 'Maulik', 'User');
INSERT INTO `ahmedabad_lease_seller` (`Property_Id`, `Seller`, `Seller_Type`) VALUES ('4', 'vision', 'Broker');
INSERT INTO `ahmedabad_lease_seller` (`Property_Id`, `Seller`, `Seller_Type`) VALUES ('5', 'Bhavesh Patel', 'Broker');
INSERT INTO `ahmedabad_lease_seller` (`Property_Id`, `Seller`, `Seller_Type`) VALUES ('6', 'Real Property Solution', 'Housing Expert');
INSERT INTO `ahmedabad_lease_seller` (`Property_Id`, `Seller`, `Seller_Type`) VALUES ('7', 'vikas kumar', 'Broker');
INSERT INTO `ahmedabad_lease_seller` (`Property_Id`, `Seller`, `Seller_Type`) VALUES ('8', 'Amir Malaviya', 'User');
INSERT INTO `ahmedabad_lease_seller` (`Property_Id`, `Seller`, `Seller_Type`) VALUES ('9', 'Dilip Patel', 'Broker');
INSERT INTO `ahmedabad_lease_seller` (`Property_Id`, `Seller`, `Seller_Type`) VALUES ('10', 'Vipin Singh Rajput', 'User');


INSERT INTO `ahmedabad_property` (`Property_Id`,`Property_Type`,`Area_sqft`,`Price_Ru`,`Location`) VALUES (1,'Ready to use Office Space	',1185,8200000,'Thaltej, Ahmedabad');
INSERT INTO `ahmedabad_property` (`Property_Id`,`Property_Type`,`Area_sqft`,`Price_Ru`,`Location`) VALUES (2,'Ready to use Office Space	',933 ,6531000,'Bodakdev, Ahmedabad');
INSERT INTO `ahmedabad_property` (`Property_Id`,`Property_Type`,`Area_sqft`,`Price_Ru`,`Location`) VALUES (3,'Showroom	',2500,60000000,'Sola Village, Ahmedabad');
INSERT INTO `ahmedabad_property` (`Property_Id`,`Property_Type`,`Area_sqft`,`Price_Ru`,`Location`) VALUES (4,'Shop	',970,10700000,'Bopal, Ahmedabad');
INSERT INTO `ahmedabad_property` (`Property_Id`,`Property_Type`,`Area_sqft`,`Price_Ru`,`Location`) VALUES (5,'Shop	',315,6700000,'Gota, Ahmedabad');
INSERT INTO `ahmedabad_property` (`Property_Id`,`Property_Type`,`Area_sqft`,`Price_Ru`,`Location`) VALUES (6,'Bare shell Office Space		',1420,12400000,'Aslali, Ahmedabad');
INSERT INTO `ahmedabad_property` (`Property_Id`,`Property_Type`,`Area_sqft`,`Price_Ru`,`Location`) VALUES (7,'Bare shell Office Space		',1050,6300000,'Thaltej, Ahmedabad');
INSERT INTO `ahmedabad_property` (`Property_Id`,`Property_Type`,`Area_sqft`,`Price_Ru`,`Location`) VALUES (8,'Showroom	',1104,17000000,'Makarba, Ahmedabad');

INSERT INTO `ahmedabad_seller` (`Property_Id`, `Seller`, `Seller_Type`) VALUES ('1', 'Dharmesh  Bhavsar', 'Broker');
INSERT INTO `ahmedabad_seller` (`Property_Id`, `Seller`, `Seller_Type`) VALUES ('2', 'Real Property Solution	', 'Housing Expert');
INSERT INTO `ahmedabad_seller` (`Property_Id`, `Seller`, `Seller_Type`) VALUES ('3', 'signature realty	', 'Broker');
INSERT INTO `ahmedabad_seller` (`Property_Id`, `Seller`, `Seller_Type`) VALUES ('4', 'Bhumika Bhavsar	', 'Broker');
INSERT INTO `ahmedabad_seller` (`Property_Id`, `Seller`, `Seller_Type`) VALUES ('5', 'Vishal Thakkar	', 'User');
INSERT INTO `ahmedabad_seller` (`Property_Id`, `Seller`, `Seller_Type`) VALUES ('6', 'Disha Estate Management Pvt. Ltd.	', 'Housing Expert');
INSERT INTO `ahmedabad_seller` (`Property_Id`, `Seller`, `Seller_Type`) VALUES ('7', 'Bhavesh Patel	', 'Broker');
INSERT INTO `ahmedabad_seller` (`Property_Id`, `Seller`, `Seller_Type`) VALUES ('8', 'Disha Estate Management Pvt. Ltd.	', 'Housing Expert');

INSERT INTO `bangluru_lease` (`Property_Id`, `Property_Type`, `Area_sqft`, `Rent_Ru`, `Location`) VALUES ('1', 'Ready to use Office Space		', 18000 ,230000, 'Electronic City Phase II, Bengaluru');
INSERT INTO `bangluru_lease` (`Property_Id`, `Property_Type`, `Area_sqft`, `Rent_Ru`, `Location`) VALUES ('2', 'Ready to use Office Space		', 4000 , 100000 , 'Tavarekere, S.G. Palya, Bengaluru');
INSERT INTO `bangluru_lease` (`Property_Id`, `Property_Type`, `Area_sqft`, `Rent_Ru`, `Location`) VALUES ('3', 'Shop		', 170 , 25000, 'Stage 3, Indira Nagar, Bengaluru');
INSERT INTO `bangluru_lease` (`Property_Id`, `Property_Type`, `Area_sqft`, `Rent_Ru`, `Location`) VALUES ('4', 'Shop		', 850, 50000, 'Kasavanahalli, Bengaluru');
INSERT INTO `bangluru_lease` (`Property_Id`, `Property_Type`, `Area_sqft`, `Rent_Ru`, `Location`) VALUES ('5', 'Showroom		', 850 , 50000, 'Kasavanahalli, Bengaluru');
INSERT INTO `bangluru_lease` (`Property_Id`, `Property_Type`, `Area_sqft`, `Rent_Ru`, `Location`) VALUES ('6', 'Showroom	', 1950 , 140000, 'Malleswaram, Bengaluru');
INSERT INTO `bangluru_lease` (`Property_Id`, `Property_Type`, `Area_sqft`, `Rent_Ru`, `Location`) VALUES ('7', 'Bare shell Office Space		', 570 , 35000, 'Indira Nagar, Bengaluru');
INSERT INTO `bangluru_lease` (`Property_Id`, `Property_Type`, `Area_sqft`, `Rent_Ru`, `Location`) VALUES ('8', 'Bare shell Office Space		', 12000 , 200000, 'M V Extenstion, Bengaluru');
INSERT INTO `bangluru_lease` (`Property_Id`, `Property_Type`, `Area_sqft`, `Rent_Ru`, `Location`) VALUES ('9', 'Ready to use Showroom		', 3600 , 210000, 'Shivaji Nagar, Bengaluru');
INSERT INTO `bangluru_lease` (`Property_Id`, `Property_Type`, `Area_sqft`, `Rent_Ru`, `Location`) VALUES ('10', 'Ready to use Showroom		', 9600 , 100000, 'Lakshmamma Layout, Bengaluru');
INSERT INTO `bangluru_lease` (`Property_Id`, `Property_Type`, `Area_sqft`, `Rent_Ru`, `Location`) VALUES ('11', 'Ready to use Shop			', 1200, 15000, 'Kachohalli, Bengaluru');
INSERT INTO `bangluru_lease` (`Property_Id`, `Property_Type`, `Area_sqft`, `Rent_Ru`, `Location`) VALUES ('12', 'Ready to use Shop		', 200, 30000, 'Stage 3, Indira Nagar, Bengaluru');

INSERT INTO `bangluru_lease_seller` (`Property_Id`, `Seller`, `Seller_Type`) VALUES ('1', 'User	', 'User');
INSERT INTO `bangluru_lease_seller` (`Property_Id`, `Seller`, `Seller_Type`) VALUES ('2', 'Pradeep shayan	', 'Broker');
INSERT INTO `bangluru_lease_seller` (`Property_Id`, `Seller`, `Seller_Type`) VALUES ('3', 'Prasad	', 'User');
INSERT INTO `bangluru_lease_seller` (`Property_Id`, `Seller`, `Seller_Type`) VALUES ('4', 'Chandru Chandu	', 'Broker');
INSERT INTO `bangluru_lease_seller` (`Property_Id`, `Seller`, `Seller_Type`) VALUES ('5', 'Chandru Chandu	', 'Broker');
INSERT INTO `bangluru_lease_seller` (`Property_Id`, `Seller`, `Seller_Type`) VALUES ('6', 'Kiran K	', 'User');
INSERT INTO `bangluru_lease_seller` (`Property_Id`, `Seller`, `Seller_Type`) VALUES ('7', 'Proptension India pvt Ltd	', 'Broker');
INSERT INTO `bangluru_lease_seller` (`Property_Id`, `Seller`, `Seller_Type`) VALUES ('8', 'Raj	', 'User');
INSERT INTO `bangluru_lease_seller` (`Property_Id`, `Seller`, `Seller_Type`) VALUES ('9', 'lokesh vanu	', 'Broker');
INSERT INTO `bangluru_lease_seller` (`Property_Id`, `Seller`, `Seller_Type`) VALUES ('10', 'Umesh	', 'Broker');
INSERT INTO `bangluru_lease_seller` (`Property_Id`, `Seller`, `Seller_Type`) VALUES ('11', 'Rakshit U	', 'User');
INSERT INTO `bangluru_lease_seller` (`Property_Id`, `Seller`, `Seller_Type`) VALUES ('12', 'Shanthi Shamanna	', 'User');

INSERT INTO `bangluru_property` (`Property_Id`, `Property_Type`, `Area_sqft`, `Price_Ru`, `Location`) VALUES ('1', 'Shop	', 2500, 14000000, 'Kaikondrahalli, Bengaluru');
INSERT INTO `bangluru_property` (`Property_Id`, `Property_Type`, `Area_sqft`, `Price_Ru`, `Location`) VALUES ('2', 'Shop	', 7000 , 23000000, 'Abbigere, Bengaluru');
INSERT INTO `bangluru_property` (`Property_Id`, `Property_Type`, `Area_sqft`, `Price_Ru`, `Location`) VALUES ('3', 'Showroom	', 2600,15600000, 'Electronics City Phase 1, Doddathoguru, Bengaluru');
INSERT INTO `bangluru_property` (`Property_Id`, `Property_Type`, `Area_sqft`, `Price_Ru`, `Location`) VALUES ('4', 'Showroom	', 5000, 32000000, '6th Phase, JP Nagar, Bengaluru');
INSERT INTO `bangluru_property` (`Property_Id`, `Property_Type`, `Area_sqft`, `Price_Ru`, `Location`) VALUES ('5', 'Ready to use Office Space	',11670,70000000, 'Veer Sandra, Electronic City, Bengaluru');
INSERT INTO `bangluru_property` (`Property_Id`, `Property_Type`, `Area_sqft`, `Price_Ru`, `Location`) VALUES ('6', 'Ready to use Office Space', 3600, 35000000, 'Rajajinagar, Bengaluru');
INSERT INTO `bangluru_property` (`Property_Id`, `Property_Type`, `Area_sqft`, `Price_Ru`, `Location`) VALUES ('7', 'Bare shell Office Space	', 1765 ,21000000, 'Koramangala, Bengaluru');
INSERT INTO `bangluru_property` (`Property_Id`, `Property_Type`, `Area_sqft`, `Price_Ru`, `Location`) VALUES ('8', 'Bare shell Office Space	', 300 	, 7988000	, 'Chikkabana Halli, Bengaluru');

INSERT INTO `bangluru_seller` (`Property_Id`, `Seller`, `Seller_Type`) VALUES ('1		', 'John William', 'Broker');
INSERT INTO `bangluru_seller` (`Property_Id`, `Seller`, `Seller_Type`) VALUES ('2', 'vani	', 'Housing Expert');
INSERT INTO `bangluru_seller` (`Property_Id`, `Seller`, `Seller_Type`) VALUES ('3', 'Moin	', 'User');
INSERT INTO `bangluru_seller` (`Property_Id`, `Seller`, `Seller_Type`) VALUES ('4', 'Soundar rajan', 'Broker');
INSERT INTO `bangluru_seller` (`Property_Id`, `Seller`, `Seller_Type`) VALUES ('5', 'Fadhil	', 'User');
INSERT INTO `bangluru_seller` (`Property_Id`, `Seller`, `Seller_Type`) VALUES ('6', 'S.R Surya Kumar	', 'Broker');
INSERT INTO `bangluru_seller` (`Property_Id`, `Seller`, `Seller_Type`) VALUES ('7', 'KANIKA	', 'User');
INSERT INTO `bangluru_seller` (`Property_Id`, `Seller`, `Seller_Type`) VALUES ('8', 'gunpreet	', 'Broker');

INSERT INTO `chennai_lease` (`Property_Id`, `Property_Type`, `Area_sqft`, `Rent_Ru`, `Location`) VALUES ('1', 'Ready to use Office Space		', 3000,150000, 'Sadasivam Nagar, Madipakkam, Chennai');
INSERT INTO `chennai_lease` (`Property_Id`, `Property_Type`, `Area_sqft`, `Rent_Ru`, `Location`) VALUES ('2', 'Ready to use Office Space		', 1300, 30000, 'Avadi, Chennai');
INSERT INTO `chennai_lease` (`Property_Id`, `Property_Type`, `Area_sqft`, `Rent_Ru`, `Location`) VALUES ('3', 'Shop		', 750 , 21000, 'Avadi, Chennai');
INSERT INTO `chennai_lease` (`Property_Id`, `Property_Type`, `Area_sqft`, `Rent_Ru`, `Location`) VALUES ('4', 'Shop		', 1200 , 65000, 'Little Mount, Saidapet, Chennai');
INSERT INTO `chennai_lease` (`Property_Id`, `Property_Type`, `Area_sqft`, `Rent_Ru`, `Location`) VALUES ('5', 'Showroom		', 3072, 380000, 'Royapuram, Chennai');
INSERT INTO `chennai_lease` (`Property_Id`, `Property_Type`, `Area_sqft`, `Rent_Ru`, `Location`) VALUES ('6', 'Showroom		',2300, 150000, 'Egmore, Chennai');
INSERT INTO `chennai_lease` (`Property_Id`, `Property_Type`, `Area_sqft`, `Rent_Ru`, `Location`) VALUES ('7', 'Bare shell Office Space			', 1800 , 50000, 'Kandigai, Chennai');
INSERT INTO `chennai_lease` (`Property_Id`, `Property_Type`, `Area_sqft`, `Rent_Ru`, `Location`) VALUES ('8', 'Bare shell Office Space		', 2000, 40000, 'Kelambakkam, Chennai');

INSERT INTO `chennai_lease_seller` (`Property_Id`, `Seller`, `Seller_Type`) VALUES ('1', 'GOLD EARTH PROPERTIES	', 'Broker');
INSERT INTO `chennai_lease_seller` (`Property_Id`, `Seller`, `Seller_Type`) VALUES ('2', 'Menaka	', 'User');
INSERT INTO `chennai_lease_seller` (`Property_Id`, `Seller`, `Seller_Type`) VALUES ('3', 'Arivu Vk	', 'User');
INSERT INTO `chennai_lease_seller` (`Property_Id`, `Seller`, `Seller_Type`) VALUES ('4', 'GANGADURAI R	', 'Broker');
INSERT INTO `chennai_lease_seller` (`Property_Id`, `Seller`, `Seller_Type`) VALUES ('5', 'Udhaya Kumar	', 'User');
INSERT INTO `chennai_lease_seller` (`Property_Id`, `Seller`, `Seller_Type`) VALUES ('6', 'A ONE REALTY	', 'Broker');
INSERT INTO `chennai_lease_seller` (`Property_Id`, `Seller`, `Seller_Type`) VALUES ('7', 'Renuka	', 'User');
INSERT INTO `chennai_lease_seller` (`Property_Id`, `Seller`, `Seller_Type`) VALUES ('8', 'A ONE REALTY	', 'Broker');

INSERT INTO `chennai_property` (`Property_Id`,`Property_Type`,`Area_sqft`,`Price_Ru`,`Location`) VALUES (1,'Shop	',1658,8295000,'Attipatttu, Chennai');
INSERT INTO `chennai_property` (`Property_Id`,`Property_Type`,`Area_sqft`,`Price_Ru`,`Location`) VALUES (2,'Shop	',1650,7200000,'Thandalam, Chennai');
INSERT INTO `chennai_property` (`Property_Id`,`Property_Type`,`Area_sqft`,`Price_Ru`,`Location`) VALUES (3,'Ready to use Office Space	',900,8500000,'Indira Nagar, Adyar, Chennai');
INSERT INTO `chennai_property` (`Property_Id`,`Property_Type`,`Area_sqft`,`Price_Ru`,`Location`) VALUES (4,'Ready to use Office Space	',4500,36000000,'MMDA Colony, Chennai');
INSERT INTO `chennai_property` (`Property_Id`,`Property_Type`,`Area_sqft`,`Price_Ru`,`Location`) VALUES (5,'Showroom		',150,15000000,'Chinna Mettukuppam, Chennai');
INSERT INTO `chennai_property` (`Property_Id`,`Property_Type`,`Area_sqft`,`Price_Ru`,`Location`) VALUES (6,'Showroom	',3000,20000000,'New Market, Tambaram, Chennai');
INSERT INTO `chennai_property` (`Property_Id`,`Property_Type`,`Area_sqft`,`Price_Ru`,`Location`) VALUES (7,'Ready to use Showroom	',6000,50000000,'Nungambakkam, Chennai');
INSERT INTO `chennai_property` (`Property_Id`,`Property_Type`,`Area_sqft`,`Price_Ru`,`Location`) VALUES (8,'Ready to use Showroom		',11000,90000000,'Nungambakkam, Chennai');
INSERT INTO `chennai_property` (`Property_Id`,`Property_Type`,`Area_sqft`,`Price_Ru`,`Location`) VALUES (9,'Bare shell Office Space		',200,6000000,'Sembiyan, Perambur, Chennai');
INSERT INTO `chennai_property` (`Property_Id`,`Property_Type`,`Area_sqft`,`Price_Ru`,`Location`) VALUES (10,'Bare shell Office Space	',3900,40000000,'Selaiyur, Chennai');
INSERT INTO `chennai_property` (`Property_Id`,`Property_Type`,`Area_sqft`,`Price_Ru`,`Location`) VALUES (11,'Ready to use Shop		',4500,47500000,'Parthasarathy Puram, Chennai');

INSERT INTO `chennai_seller` (`Property_Id`,`Seller`,`Seller_Type`) VALUES (1,'CHENNAI HOUSING & PROPERTIES	','Broker');
INSERT INTO `chennai_seller` (`Property_Id`,`Seller`,`Seller_Type`) VALUES (2,'Kovur Prop	','Housing Expert');
INSERT INTO `chennai_seller` (`Property_Id`,`Seller`,`Seller_Type`) VALUES (3,'Sarvesh Realty	','Broker');
INSERT INTO `chennai_seller` (`Property_Id`,`Seller`,`Seller_Type`) VALUES (4,'Saravanan	','User');
INSERT INTO `chennai_seller` (`Property_Id`,`Seller`,`Seller_Type`) VALUES (5,'Dhanalakshmi Enterprises	','Housing Expert');
INSERT INTO `chennai_seller` (`Property_Id`,`Seller`,`Seller_Type`) VALUES (6,'Raghavan	','Broker');
INSERT INTO `chennai_seller` (`Property_Id`,`Seller`,`Seller_Type`) VALUES (7,'varadharajan	','Housing Expert');
INSERT INTO `chennai_seller` (`Property_Id`,`Seller`,`Seller_Type`) VALUES (8,'Venkat	','Broker');
INSERT INTO `chennai_seller` (`Property_Id`,`Seller`,`Seller_Type`) VALUES (9,'Y - Axis Agency	','Housing Expert');
INSERT INTO `chennai_seller` (`Property_Id`,`Seller`,`Seller_Type`) VALUES (10,'Mantras Properties	','Broker');
INSERT INTO `chennai_seller` (`Property_Id`,`Seller`,`Seller_Type`) VALUES (11,'Sukumar	','Broker');

INSERT INTO `delhi_lease` (`Property_Id`, `Property_Type`, `Area_sqft`, `Rent_Ru`, `Location`) VALUES ('1', 'Showroom		',1850,180000, 'Kirti Nagar, Delhi');
INSERT INTO `delhi_lease` (`Property_Id`, `Property_Type`, `Area_sqft`, `Rent_Ru`, `Location`) VALUES ('2', 'Showroom		',760,130000, 'Uttam Nagar, Delhi');
INSERT INTO `delhi_lease` (`Property_Id`, `Property_Type`, `Area_sqft`, `Rent_Ru`, `Location`) VALUES ('3', 'Shop		', 2500,250000, 'Daryaganj, Delhi');
INSERT INTO `delhi_lease` (`Property_Id`, `Property_Type`, `Area_sqft`, `Rent_Ru`, `Location`) VALUES ('4', 'Shop		',260, 45000, 'Lajpat Nagar, Delhi');
INSERT INTO `delhi_lease` (`Property_Id`, `Property_Type`, `Area_sqft`, `Rent_Ru`, `Location`) VALUES ('5', 'Ready to use Office Space		', 2000,280000, 'Daryaganj, Delhi');
INSERT INTO `delhi_lease` (`Property_Id`, `Property_Type`, `Area_sqft`, `Rent_Ru`, `Location`) VALUES ('6', 'Ready to use Office Space		', 700,65000, 'Jasola, Delhi');
INSERT INTO `delhi_lease` (`Property_Id`, `Property_Type`, `Area_sqft`, `Rent_Ru`, `Location`) VALUES ('7', 'Bare shell Office Space			', 1980, 30000, 'Sector 8, Dwarka, Delhi');
INSERT INTO `delhi_lease` (`Property_Id`, `Property_Type`, `Area_sqft`, `Rent_Ru`, `Location`) VALUES ('8', 'Bare shell Office Space			',700 ,40000, 'Defence Colony, Delhi');
INSERT INTO `delhi_lease` (`Property_Id`, `Property_Type`, `Area_sqft`, `Rent_Ru`, `Location`) VALUES ('9', 'Ready to use Shop			', 1150, 70000, 'Subhash Nagar, Delhi');
INSERT INTO `delhi_lease` (`Property_Id`, `Property_Type`, `Area_sqft`, `Rent_Ru`, `Location`) VALUES ('10', 'Ready to use Shop	',214,10000, 'Shastri Nagar, Delhi');
INSERT INTO `delhi_lease` (`Property_Id`, `Property_Type`, `Area_sqft`, `Rent_Ru`, `Location`) VALUES ('11', 'Ready to use Showroom	', 180, 38000, 'Sudarshan Park, Delhi');

INSERT INTO `delhi_lease_seller` (`Property_Id`, `Seller`, `Seller_Type`) VALUES ('1', 'Paras	', 'User');
INSERT INTO `delhi_lease_seller` (`Property_Id`, `Seller`, `Seller_Type`) VALUES ('2', 'Negi Associates	', 'Housing Expert');
INSERT INTO `delhi_lease_seller` (`Property_Id`, `Seller`, `Seller_Type`) VALUES ('3', 'vidit	', 'User');
INSERT INTO `delhi_lease_seller` (`Property_Id`, `Seller`, `Seller_Type`) VALUES ('4', 'Shyam Pal Singh	', 'Broker');
INSERT INTO `delhi_lease_seller` (`Property_Id`, `Seller`, `Seller_Type`) VALUES ('5', 'vidit	', 'User');
INSERT INTO `delhi_lease_seller` (`Property_Id`, `Seller`, `Seller_Type`) VALUES ('6', 'Balaji Estate	', 'Housing Expert');
INSERT INTO `delhi_lease_seller` (`Property_Id`, `Seller`, `Seller_Type`) VALUES ('7', 'Vishal Singh	', 'User');
INSERT INTO `delhi_lease_seller` (`Property_Id`, `Seller`, `Seller_Type`) VALUES ('8', 'Rajesh	', 'User');
INSERT INTO `delhi_lease_seller` (`Property_Id`, `Seller`, `Seller_Type`) VALUES ('9', 'Harish	', 'User');
INSERT INTO `delhi_lease_seller` (`Property_Id`, `Seller`, `Seller_Type`) VALUES ('10', 'Rajwinder singh	', 'Broker');
INSERT INTO `delhi_lease_seller` (`Property_Id`, `Seller`, `Seller_Type`) VALUES ('11', 'Manoj choudhary	', 'User');

INSERT INTO `delhi_property` (`Property_Id`,`Property_Type`,`Area_sqft`,`Price_Ru`,`Location`) VALUES (1,'Showroom		',3800,75000000,'Pandav Nagar, Delhi');
INSERT INTO `delhi_property` (`Property_Id`,`Property_Type`,`Area_sqft`,`Price_Ru`,`Location`) VALUES (2,'Showroom		',330,45000000,'Sector 5 Dwarka, Delhi');
INSERT INTO `delhi_property` (`Property_Id`,`Property_Type`,`Area_sqft`,`Price_Ru`,`Location`) VALUES (3,'Bare shell Office Space			',550,16000000,'Sector 14 Dwarka, Delhi');
INSERT INTO `delhi_property` (`Property_Id`,`Property_Type`,`Area_sqft`,`Price_Ru`,`Location`) VALUES (4,'Bare shell Office Space	',225 ,9000000,'Barakhamba, Delhi');
INSERT INTO `delhi_property` (`Property_Id`,`Property_Type`,`Area_sqft`,`Price_Ru`,`Location`) VALUES (5,'Ready to use Shop		',160,3800000,'Jasola, Delhi');
INSERT INTO `delhi_property` (`Property_Id`,`Property_Type`,`Area_sqft`,`Price_Ru`,`Location`) VALUES (6,'Shop	',300,4475000,'Uttam nagar west, Uttam Nagar, Delhi');
INSERT INTO `delhi_property` (`Property_Id`,`Property_Type`,`Area_sqft`,`Price_Ru`,`Location`) VALUES (7,'Shop		',2200,42500000,'Sector 12 Dwarka, Delhi');
INSERT INTO `delhi_property` (`Property_Id`,`Property_Type`,`Area_sqft`,`Price_Ru`,`Location`) VALUES (8,'Ready to use Office Space		',700,16500000,'Ranjit Vihar-I, Sector 22 Dwarka, Delhi');
INSERT INTO `delhi_property` (`Property_Id`,`Property_Type`,`Area_sqft`,`Price_Ru`,`Location`) VALUES (9,'Ready to use Office Space		',600,10000000,'West Punjabi Bagh, Punjabi Bagh, Delhi');

INSERT INTO `delhi_seller` (`Property_Id`, `Seller`, `Seller_Type`) VALUES ('1', 'Noida Properties Hub	', 'Broker');
INSERT INTO `delhi_seller` (`Property_Id`, `Seller`, `Seller_Type`) VALUES ('2', 'Bakul	', 'User');
INSERT INTO `delhi_seller` (`Property_Id`, `Seller`, `Seller_Type`) VALUES ('3', 'Real Estate Destination	', 'Broker');
INSERT INTO `delhi_seller` (`Property_Id`, `Seller`, `Seller_Type`) VALUES ('4', 'Shashi Bhushan Arora	', 'User');
INSERT INTO `delhi_seller` (`Property_Id`, `Seller`, `Seller_Type`) VALUES ('5', 'Jogi Pradeep Dahiya	', 'Broker');
INSERT INTO `delhi_seller` (`Property_Id`, `Seller`, `Seller_Type`) VALUES ('6', 'SHRI RAM REALTORS	', 'Housing Expert');
INSERT INTO `delhi_seller` (`Property_Id`, `Seller`, `Seller_Type`) VALUES ('7', 'Rajesh Gupta	', 'Broker');
INSERT INTO `delhi_seller` (`Property_Id`, `Seller`, `Seller_Type`) VALUES ('8', 'vinod kumar	', 'Housing Expert');
INSERT INTO `delhi_seller` (`Property_Id`, `Seller`, `Seller_Type`) VALUES ('9', 'DELHI ESTATES (Dinesh Arora)	', 'Broker');

INSERT INTO `faridabad_lease` (`Property_Id`, `Property_Type`, `Area_sqft`, `Rent_Ru`, `Location`) VALUES ('1', 'Ready to use Office Space		', 1351, 300000, 'Sector 4, Ballabhgarh, Faridabad');
INSERT INTO `faridabad_lease` (`Property_Id`, `Property_Type`, `Area_sqft`, `Rent_Ru`, `Location`) VALUES ('2', 'Ready to use Office Space		', 496,15000, 'Sector 81, Faridabad');
INSERT INTO `faridabad_lease` (`Property_Id`, `Property_Type`, `Area_sqft`, `Rent_Ru`, `Location`) VALUES ('3', 'Shop			', 162,10000, 'Sector 4, Ballabhgarh, Faridabad');
INSERT INTO `faridabad_lease` (`Property_Id`, `Property_Type`, `Area_sqft`, `Rent_Ru`, `Location`) VALUES ('4', 'Shop		', 300 , 17000, 'Sector 70, Faridabad');
INSERT INTO `faridabad_lease` (`Property_Id`, `Property_Type`, `Area_sqft`, `Rent_Ru`, `Location`) VALUES ('5', 'Shop		', 360,12000, 'Sector 81, Faridabad');
INSERT INTO `faridabad_lease` (`Property_Id`, `Property_Type`, `Area_sqft`, `Rent_Ru`, `Location`) VALUES ('6', 'Showroom		',3000 ,140000, 'New Industrial Township, Faridabad');
INSERT INTO `faridabad_lease` (`Property_Id`, `Property_Type`, `Area_sqft`, `Rent_Ru`, `Location`) VALUES ('7', 'Showroom		',5000,200000, 'New Industrial Township, Faridabad');

INSERT INTO `faridabad_lease_seller` (`Property_Id`, `Seller`, `Seller_Type`) VALUES ('1', 'pawan	', 'Housing Expert');
INSERT INTO `faridabad_lease_seller` (`Property_Id`, `Seller`, `Seller_Type`) VALUES ('2', 'Gagan Ginotra	', 'Broker');
INSERT INTO `faridabad_lease_seller` (`Property_Id`, `Seller`, `Seller_Type`) VALUES ('3', 'Pankaj	', 'User');
INSERT INTO `faridabad_lease_seller` (`Property_Id`, `Seller`, `Seller_Type`) VALUES ('4', 'Jain Associates	', 'Broker');
INSERT INTO `faridabad_lease_seller` (`Property_Id`, `Seller`, `Seller_Type`) VALUES ('5', 'Royal homes	', 'Broker');
INSERT INTO `faridabad_lease_seller` (`Property_Id`, `Seller`, `Seller_Type`) VALUES ('6', 'Ravi	', 'User');
INSERT INTO `faridabad_lease_seller` (`Property_Id`, `Seller`, `Seller_Type`) VALUES ('7', 'Bhavishya Bhatia	', 'Broker');

INSERT INTO `faridabad_property` (`Property_Id`, `Property_Type`, `Area_sqft`, `Price_Ru`, `Location`) VALUES ('1', 'Shop	', 250,2500000, 'New Industrial TownShip 2, Faridabad');
INSERT INTO `faridabad_property` (`Property_Id`, `Property_Type`, `Area_sqft`, `Price_Ru`, `Location`) VALUES ('2', 'Shop	', 420,7000000, 'Sector 81, Faridabad');
INSERT INTO `faridabad_property` (`Property_Id`, `Property_Type`, `Area_sqft`, `Price_Ru`, `Location`) VALUES ('3', 'Bare shell Office Space			', 650,4400000, 'Pocket C, Sector 27C, Faridabad');
INSERT INTO `faridabad_property` (`Property_Id`, `Property_Type`, `Area_sqft`, `Price_Ru`, `Location`) VALUES ('4', 'Bare shell Office Space			', 234, 3874000, 'Kail Gaon, Faridabad');
INSERT INTO `faridabad_property` (`Property_Id`, `Property_Type`, `Area_sqft`, `Price_Ru`, `Location`) VALUES ('5', 'Showroom			', 810,19500000, 'Sector 2, Faridabad');
INSERT INTO `faridabad_property` (`Property_Id`, `Property_Type`, `Area_sqft`, `Price_Ru`, `Location`) VALUES ('6', 'Showroom			', 5100,110000000, 'New Industrial Township 5, Faridabad');
INSERT INTO `faridabad_property` (`Property_Id`, `Property_Type`, `Area_sqft`, `Price_Ru`, `Location`) VALUES ('7', 'Ready to use Office Space			', 1900, 14500000, 'Shiv Durga Vihar, Faridabad');
INSERT INTO `faridabad_property` (`Property_Id`, `Property_Type`, `Area_sqft`, `Price_Ru`, `Location`) VALUES ('8', 'Ready to use Office Space			', 615, 7800000, 'Sector 81, Faridabad');

INSERT INTO `faridabad_seller` (`Property_Id`, `Seller`, `Seller_Type`) VALUES ('1', 'Sandeep Gautam	', 'Broker');
INSERT INTO `faridabad_seller` (`Property_Id`, `Seller`, `Seller_Type`) VALUES ('2', 'Mehta Associates	', 'Housing Expert');
INSERT INTO `faridabad_seller` (`Property_Id`, `Seller`, `Seller_Type`) VALUES ('3', 'URBAN Realty Services	', 'Housing Expert');
INSERT INTO `faridabad_seller` (`Property_Id`, `Seller`, `Seller_Type`) VALUES ('4', 'CAPITAL HOME CITY	', 'Broker');
INSERT INTO `faridabad_seller` (`Property_Id`, `Seller`, `Seller_Type`) VALUES ('5', 'rajesh rawat	', 'User');
INSERT INTO `faridabad_seller` (`Property_Id`, `Seller`, `Seller_Type`) VALUES ('6', 'Arjun Ravi Arora	', 'Broker');
INSERT INTO `faridabad_seller` (`Property_Id`, `Seller`, `Seller_Type`) VALUES ('7', 'Lokesh Bhardwaj	', 'User');
INSERT INTO `faridabad_seller` (`Property_Id`, `Seller`, `Seller_Type`) VALUES ('8', 'The Property Exchange	', 'Housing Expert');

INSERT INTO `ghaziabad_lease` (`Property_Id`, `Property_Type`, `Area_sqft`, `Rent_Ru`, `Location`) VALUES ('1', 'Ready to use Office Space		',333,30000, 'Sector 3, Vaishali, Ghaziabad');
INSERT INTO `ghaziabad_lease` (`Property_Id`, `Property_Type`, `Area_sqft`, `Rent_Ru`, `Location`) VALUES ('2', 'Ready to use Office Space		',364, 18000, 'Shakti Khand -II, Ghaziabad');
INSERT INTO `ghaziabad_lease` (`Property_Id`, `Property_Type`, `Area_sqft`, `Rent_Ru`, `Location`) VALUES ('3', 'Ready to use Shop	', 10000, 20000, 'Vaibhav Khand, Ghaziabad');
INSERT INTO `ghaziabad_lease` (`Property_Id`, `Property_Type`, `Area_sqft`, `Rent_Ru`, `Location`) VALUES ('4', 'Shop		', 150,10000, 'Sector 7, Vasundhara, Ghaziabad');
INSERT INTO `ghaziabad_lease` (`Property_Id`, `Property_Type`, `Area_sqft`, `Rent_Ru`, `Location`) VALUES ('5', 'Shop		', 150,10000, 'Sector 23, Sanjay Nagar, Ghaziabad');
INSERT INTO `ghaziabad_lease` (`Property_Id`, `Property_Type`, `Area_sqft`, `Rent_Ru`, `Location`) VALUES ('6', 'Shop		', 300 , 60000, 'Sector 3, Vaishali, Ghaziabad');
INSERT INTO `ghaziabad_lease` (`Property_Id`, `Property_Type`, `Area_sqft`, `Rent_Ru`, `Location`) VALUES ('7', 'Showroom		', 700 , 85000, 'Sector 3, Vaishali, Ghaziabad');
INSERT INTO `ghaziabad_lease` (`Property_Id`, `Property_Type`, `Area_sqft`, `Rent_Ru`, `Location`) VALUES ('8', 'Showroom		', 3500, 35000, 'Raj Nagar Extension, Ghaziabad');

INSERT INTO `ghaziabad_lease_seller` (`Property_Id`, `Seller`, `Seller_Type`) VALUES ('1', 'Manish Maurya	', 'User');
INSERT INTO `ghaziabad_lease_seller` (`Property_Id`, `Seller`, `Seller_Type`) VALUES ('2', 'BHUI.IN	', 'Broker');
INSERT INTO `ghaziabad_lease_seller` (`Property_Id`, `Seller`, `Seller_Type`) VALUES ('3', 'Mayank Tyagi	', 'User');
INSERT INTO `ghaziabad_lease_seller` (`Property_Id`, `Seller`, `Seller_Type`) VALUES ('4', 'Anuj Sharma	', 'Broker');
INSERT INTO `ghaziabad_lease_seller` (`Property_Id`, `Seller`, `Seller_Type`) VALUES ('5', 'Yash Arora	', 'User');
INSERT INTO `ghaziabad_lease_seller` (`Property_Id`, `Seller`, `Seller_Type`) VALUES ('6', 'Pradeep	', 'Broker');
INSERT INTO `ghaziabad_lease_seller` (`Property_Id`, `Seller`, `Seller_Type`) VALUES ('7', 'Pradeep	', 'Broker');
INSERT INTO `ghaziabad_lease_seller` (`Property_Id`, `Seller`, `Seller_Type`) VALUES ('8', 'Sapna Gupta	', 'Housing Expert');

INSERT INTO `ghaziabad_property` (`Property_Id`, `Property_Type`, `Area_sqft`, `Price_Ru`, `Location`) VALUES ('1', 'Showroom			', 3600, 9000000, 'Siddharth Vihar, Ghaziabad');
INSERT INTO `ghaziabad_property` (`Property_Id`, `Property_Type`, `Area_sqft`, `Price_Ru`, `Location`) VALUES ('2', 'Showroom', 600, 80000000, 'Sehani Khurd, Raj Nagar Extension, Ghaziabad');
INSERT INTO `ghaziabad_property` (`Property_Id`, `Property_Type`, `Area_sqft`, `Price_Ru`, `Location`) VALUES ('3', 'Shop		', 390, 11500000, 'Sehani Khurd, Raj Nagar Extension, Ghaziabad');
INSERT INTO `ghaziabad_property` (`Property_Id`, `Property_Type`, `Area_sqft`, `Price_Ru`, `Location`) VALUES ('4', 'Shop			', 280, 4000000, 'Wave City, Ghaziabad');
INSERT INTO `ghaziabad_property` (`Property_Id`, `Property_Type`, `Area_sqft`, `Price_Ru`, `Location`) VALUES ('5', 'Ready to use Office Space			',1500 , 13000000, 'Sector 4, Vaishali, Ghaziabad');
INSERT INTO `ghaziabad_property` (`Property_Id`, `Property_Type`, `Area_sqft`, `Price_Ru`, `Location`) VALUES ('6', 'Ready to use Office Space			', 11000,55000000, 'Sahibabad Industrial Area Site 4, Ghaziabad');
INSERT INTO `ghaziabad_property` (`Property_Id`, `Property_Type`, `Area_sqft`, `Price_Ru`, `Location`) VALUES ('7', 'Bare shell Office Space			', 575, 1000000, 'Sehani Khurd, Raj Nagar Extension, Ghaziabad');
INSERT INTO `ghaziabad_property` (`Property_Id`, `Property_Type`, `Area_sqft`, `Price_Ru`, `Location`) VALUES ('8', 'Bare shell Office Space			', 181,1050000, 'Sehani Khurd, Raj Nagar Extension, Ghaziabad');

INSERT INTO `ghaziabad_seller` (`Property_Id`, `Seller`, `Seller_Type`) VALUES ('1', 'Avneesh Tyagi	', 'Housing Expert');
INSERT INTO `ghaziabad_seller` (`Property_Id`, `Seller`, `Seller_Type`) VALUES ('2', 'Mahesh Chand	', 'User');
INSERT INTO `ghaziabad_seller` (`Property_Id`, `Seller`, `Seller_Type`) VALUES ('3', 'Prop IQ	', 'Housing Expert');
INSERT INTO `ghaziabad_seller` (`Property_Id`, `Seller`, `Seller_Type`) VALUES ('4', 'Gaurav kumar	', 'Broker');
INSERT INTO `ghaziabad_seller` (`Property_Id`, `Seller`, `Seller_Type`) VALUES ('5', 'Sunil Ahirwar	', 'Broker');
INSERT INTO `ghaziabad_seller` (`Property_Id`, `Seller`, `Seller_Type`) VALUES ('6', 'Pravesh Chopra	', 'User');
INSERT INTO `ghaziabad_seller` (`Property_Id`, `Seller`, `Seller_Type`) VALUES ('7', 'ankit Tiwari	', 'Broker');
INSERT INTO `ghaziabad_seller` (`Property_Id`, `Seller`, `Seller_Type`) VALUES ('8', 'ved prakash	', 'Broker');

INSERT INTO `gurgaon_lease` (`Property_Id`, `Property_Type`, `Area_sqft`, `Rent_Ru`, `Location`) VALUES ('1', 'Ready to use Office Space			', 3900,50000, 'Sector 31, Gurgaon');
INSERT INTO `gurgaon_lease` (`Property_Id`, `Property_Type`, `Area_sqft`, `Rent_Ru`, `Location`) VALUES ('2', 'Ready to use Office Space			', 1610, 90000, 'Sector 62, Gurgaon');
INSERT INTO `gurgaon_lease` (`Property_Id`, `Property_Type`, `Area_sqft`, `Rent_Ru`, `Location`) VALUES ('3', 'Shop			', 303 , 50000, 'Malibu Town, Sector 47, Gurgaon');
INSERT INTO `gurgaon_lease` (`Property_Id`, `Property_Type`, `Area_sqft`, `Rent_Ru`, `Location`) VALUES ('4', 'Shop		', 550 , 80000, 'Nirvana Country, Sector 50, Gurgaon');
INSERT INTO `gurgaon_lease` (`Property_Id`, `Property_Type`, `Area_sqft`, `Rent_Ru`, `Location`) VALUES ('5', 'Bare shell Office Space			', 850 , 50000, 'Huda Colony, Sector 46, Gurgaon');
INSERT INTO `gurgaon_lease` (`Property_Id`, `Property_Type`, `Area_sqft`, `Rent_Ru`, `Location`) VALUES ('6', 'Bare shell Office Space		', 1500 , 50000, 'DLF City II, DLF Phase 2, Gurgaon');
INSERT INTO `gurgaon_lease` (`Property_Id`, `Property_Type`, `Area_sqft`, `Rent_Ru`, `Location`) VALUES ('7', 'Showroom		', 6000 , 850000 , 'Sector 29, Gurgaon');
INSERT INTO `gurgaon_lease` (`Property_Id`, `Property_Type`, `Area_sqft`, `Rent_Ru`, `Location`) VALUES ('8', 'Showroom	', 30000, 450000, 'Block B, Sushant Lok, Gurgaon');
INSERT INTO `gurgaon_lease` (`Property_Id`, `Property_Type`, `Area_sqft`, `Rent_Ru`, `Location`) VALUES ('9', 'Bare shell Shop		', 763, 30000, 'Sector 67, Gurgaon');

INSERT INTO `gurgaon_lease_seller` (`Property_Id`, `Seller`, `Seller_Type`) VALUES ('1', 'Bhupender Sharma	', 'Broker');
INSERT INTO `gurgaon_lease_seller` (`Property_Id`, `Seller`, `Seller_Type`) VALUES ('2', 'Bishnu Sharma	', 'Broker');
INSERT INTO `gurgaon_lease_seller` (`Property_Id`, `Seller`, `Seller_Type`) VALUES ('3', 'Bharat Ailawadi	', 'User');
INSERT INTO `gurgaon_lease_seller` (`Property_Id`, `Seller`, `Seller_Type`) VALUES ('4', 'Rajiv Dudeja	', 'Broker');
INSERT INTO `gurgaon_lease_seller` (`Property_Id`, `Seller`, `Seller_Type`) VALUES ('5', 'Rajinder Singh Dalal', 'User');
INSERT INTO `gurgaon_lease_seller` (`Property_Id`, `Seller`, `Seller_Type`) VALUES ('6', 'Ankur Kohli	', 'Broker');
INSERT INTO `gurgaon_lease_seller` (`Property_Id`, `Seller`, `Seller_Type`) VALUES ('7', 'Sanjeev Yogi	', 'Broker');
INSERT INTO `gurgaon_lease_seller` (`Property_Id`, `Seller`, `Seller_Type`) VALUES ('8', 'Rahul Yadav	', 'Housing Expert');
INSERT INTO `gurgaon_lease_seller` (`Property_Id`, `Seller`, `Seller_Type`) VALUES ('9', 'Kamal Yadav	', 'User');

INSERT INTO `gurgaon_property` (`Property_Id`, `Property_Type`, `Area_sqft`, `Price_Ru`, `Location`) VALUES ('1', 'Shop			', 200 , 19900000, 'Sector 15-2, Sector 15, Gurgaon');
INSERT INTO `gurgaon_property` (`Property_Id`, `Property_Type`, `Area_sqft`, `Price_Ru`, `Location`) VALUES ('2', 'Shop			', 750 , 9000000, 'Sector 91, Gurgaon');
INSERT INTO `gurgaon_property` (`Property_Id`, `Property_Type`, `Area_sqft`, `Price_Ru`, `Location`) VALUES ('3', 'Ready to use Office Space			', 469 , 8000000, 'Sushant Lok III, Sector 57, Gurgaon');
INSERT INTO `gurgaon_property` (`Property_Id`, `Property_Type`, `Area_sqft`, `Price_Ru`, `Location`) VALUES ('4', 'Ready to use Office Space			', 660 , 4000000, 'Sector 83, Gurgaon');
INSERT INTO `gurgaon_property` (`Property_Id`, `Property_Type`, `Area_sqft`, `Price_Ru`, `Location`) VALUES ('5', 'Showroom			', 265, 5700000, 'Sector 89, Gurgaon');
INSERT INTO `gurgaon_property` (`Property_Id`, `Property_Type`, `Area_sqft`, `Price_Ru`, `Location`) VALUES ('6', 'Showroom		', 246 , 5084000, 'Sector 84, Gurgaon');
INSERT INTO `gurgaon_property` (`Property_Id`, `Property_Type`, `Area_sqft`, `Price_Ru`, `Location`) VALUES ('7', 'Bare shell Office Space			', 275 , 3500000, 'Sector 83, Gurgaon');
INSERT INTO `gurgaon_property` (`Property_Id`, `Property_Type`, `Area_sqft`, `Price_Ru`, `Location`) VALUES ('8', 'Bare shell Office Space			', 691 , 12000000, 'Sector 66, Gurgaon');
INSERT INTO `gurgaon_property` (`Property_Id`, `Property_Type`, `Area_sqft`, `Price_Ru`, `Location`) VALUES ('9', 'Ready to use Shop			', 315 , 7500000, 'Sushant Lok III, Sector 57, Gurgaon');
INSERT INTO `gurgaon_property` (`Property_Id`, `Property_Type`, `Area_sqft`, `Price_Ru`, `Location`) VALUES ('10', 'Ready to use Shop		', 1222 , 11100000, 'Sector 2, Palam Vihar, Gurgaon');

INSERT INTO `gurgaon_seller` (`Property_Id`, `Seller`, `Seller_Type`) VALUES ('1', 'Vishal Kumar	', 'Broker');
INSERT INTO `gurgaon_seller` (`Property_Id`, `Seller`, `Seller_Type`) VALUES ('2', 'Ashish Emanuel	', 'Housing Expert');
INSERT INTO `gurgaon_seller` (`Property_Id`, `Seller`, `Seller_Type`) VALUES ('3', 'RAMAN AHUJA	', 'User');
INSERT INTO `gurgaon_seller` (`Property_Id`, `Seller`, `Seller_Type`) VALUES ('4', 'Vinod Sahani	', 'Broker');
INSERT INTO `gurgaon_seller` (`Property_Id`, `Seller`, `Seller_Type`) VALUES ('5', 'Ramesh Pawar	', 'Broker');
INSERT INTO `gurgaon_seller` (`Property_Id`, `Seller`, `Seller_Type`) VALUES ('6', 'Abhinav Sharma	', 'Housing Expert');
INSERT INTO `gurgaon_seller` (`Property_Id`, `Seller`, `Seller_Type`) VALUES ('7', 'Suhana Realtors	Broker', 'Broker');
INSERT INTO `gurgaon_seller` (`Property_Id`, `Seller`, `Seller_Type`) VALUES ('8', 'Gurugram Houses	', 'Housing Expert');
INSERT INTO `gurgaon_seller` (`Property_Id`, `Seller`, `Seller_Type`) VALUES ('9', 'Naveen	', 'User');
INSERT INTO `gurgaon_seller` (`Property_Id`, `Seller`, `Seller_Type`) VALUES ('10', 'kanav	', 'User');

INSERT INTO `hyderabad_lease` (`Property_Id`, `Property_Type`, `Area_sqft`, `Rent_Ru`, `Location`) VALUES ('1', 'Shop		', 1720 , 75000, 'Panchasheel Enclave, Hyderabad');
INSERT INTO `hyderabad_lease` (`Property_Id`, `Property_Type`, `Area_sqft`, `Rent_Ru`, `Location`) VALUES ('2', 'Shop		', 2750, 170000, 'Gachibowli, Hyderabad');
INSERT INTO `hyderabad_lease` (`Property_Id`, `Property_Type`, `Area_sqft`, `Rent_Ru`, `Location`) VALUES ('3', 'Ready to use Office Space			', 2000 , 45000, 'Sri Sai Tarun Enclave, Hyderabad');
INSERT INTO `hyderabad_lease` (`Property_Id`, `Property_Type`, `Area_sqft`, `Rent_Ru`, `Location`) VALUES ('4', 'Ready to use Office Space		', 4750 , 380000, 'Gachibowli, Hyderabad');
INSERT INTO `hyderabad_lease` (`Property_Id`, `Property_Type`, `Area_sqft`, `Rent_Ru`, `Location`) VALUES ('5', 'Showroom		', 2700, 45000, 'Janapriya Bunglow, Hyderabad');
INSERT INTO `hyderabad_lease` (`Property_Id`, `Property_Type`, `Area_sqft`, `Rent_Ru`, `Location`) VALUES ('6', 'Showroom		', 2200, 130000, 'Durgabai Deshmukh Colony, Hyderabad');
INSERT INTO `hyderabad_lease` (`Property_Id`, `Property_Type`, `Area_sqft`, `Rent_Ru`, `Location`) VALUES ('7', 'Ready to use Shop			', 700, 80000, 'Dr A S Rao Nagar Colony, Hyderabad');
INSERT INTO `hyderabad_lease` (`Property_Id`, `Property_Type`, `Area_sqft`, `Rent_Ru`, `Location`) VALUES ('8', 'Ready to use Shop		', 3300, 200000, 'CRF Colony, Balanagar, Hyderabad');
INSERT INTO `hyderabad_lease` (`Property_Id`, `Property_Type`, `Area_sqft`, `Rent_Ru`, `Location`) VALUES ('9', 'Bare shell Office Space		', 2500 , 100000, 'Gachibowli, Hyderabad');
INSERT INTO `hyderabad_lease` (`Property_Id`, `Property_Type`, `Area_sqft`, `Rent_Ru`, `Location`) VALUES ('10', 'Bare shell Office Space			', 2000, 36000, 'Mega Hills, Madhapur, Hyderabad');

INSERT INTO `hyderabad_lease_seller` (`Property_Id`, `Seller`, `Seller_Type`) VALUES ('1', 'Anand Dass	', 'User');
INSERT INTO `hyderabad_lease_seller` (`Property_Id`, `Seller`, `Seller_Type`) VALUES ('2', 'Ayyappa Real Estates 	', 'Broker');
INSERT INTO `hyderabad_lease_seller` (`Property_Id`, `Seller`, `Seller_Type`) VALUES ('3', 'Abhilash	', 'User');
INSERT INTO `hyderabad_lease_seller` (`Property_Id`, `Seller`, `Seller_Type`) VALUES ('4', 'Lorven	', 'Broker');
INSERT INTO `hyderabad_lease_seller` (`Property_Id`, `Seller`, `Seller_Type`) VALUES ('5', 'srinivas yadav	', 'User');
INSERT INTO `hyderabad_lease_seller` (`Property_Id`, `Seller`, `Seller_Type`) VALUES ('6', 'S.K Basha	', 'Broker');
INSERT INTO `hyderabad_lease_seller` (`Property_Id`, `Seller`, `Seller_Type`) VALUES ('7', 'Santosh Maraboina	', 'User');
INSERT INTO `hyderabad_lease_seller` (`Property_Id`, `Seller`, `Seller_Type`) VALUES ('8', 'Bharath Raj Lendalay	', 'User');
INSERT INTO `hyderabad_lease_seller` (`Property_Id`, `Seller`, `Seller_Type`) VALUES ('9', 'Giridhar	', 'User');
INSERT INTO `hyderabad_lease_seller` (`Property_Id`, `Seller`, `Seller_Type`) VALUES ('10', 'Sahara Real estate	', 'Broker');

INSERT INTO `hyderabad_property` (`Property_Id`, `Property_Type`, `Area_sqft`, `Price_Ru`, `Location`) VALUES ('1', 'Ready to use Office Space		', 23275, 325900000, 'Gachibowli, Hyderabad');
INSERT INTO `hyderabad_property` (`Property_Id`, `Property_Type`, `Area_sqft`, `Price_Ru`, `Location`) VALUES ('2', 'Ready to use Office Space			', 2043, 22500000, 'K P H B Phase 3, Kukatpally, Hyderabad');
INSERT INTO `hyderabad_property` (`Property_Id`, `Property_Type`, `Area_sqft`, `Price_Ru`, `Location`) VALUES ('3', 'Showroom			', 10000, 55000000, 'Nanakaramguda, Hyderabad');
INSERT INTO `hyderabad_property` (`Property_Id`, `Property_Type`, `Area_sqft`, `Price_Ru`, `Location`) VALUES ('4', 'Showroom			', 6000 , 60000000, 'Ananth Nagar,  Hyderabad');
INSERT INTO `hyderabad_property` (`Property_Id`, `Property_Type`, `Area_sqft`, `Price_Ru`, `Location`) VALUES ('5', 'Ready to use Showroom			', 10000, 7000000, 'Khaja Guda, Hyderabad');
INSERT INTO `hyderabad_property` (`Property_Id`, `Property_Type`, `Area_sqft`, `Price_Ru`, `Location`) VALUES ('6', 'Shop			', 4000 , 48000000, 'Police Colony, Kondapur, Hyderabad');
INSERT INTO `hyderabad_property` (`Property_Id`, `Property_Type`, `Area_sqft`, `Price_Ru`, `Location`) VALUES ('7', 'Shop			', 674, 9500000, 'Kamala Nagar,  Hyderabad');
INSERT INTO `hyderabad_property` (`Property_Id`, `Property_Type`, `Area_sqft`, `Price_Ru`, `Location`) VALUES ('8', 'Bare shell Office Space			', 1000, 9000000, 'Nanakaramguda, Hyderabad');
INSERT INTO `hyderabad_property` (`Property_Id`, `Property_Type`, `Area_sqft`, `Price_Ru`, `Location`) VALUES ('9', 'Bare shell Office Space		', 2800,28500000, 'Vittal Rao Nagar, Hitech City, Hyderabad');

INSERT INTO `hyderabad_seller` (`Property_Id`, `Seller`, `Seller_Type`) VALUES ('1', 'Lorven	', 'Broker');
INSERT INTO `hyderabad_seller` (`Property_Id`, `Seller`, `Seller_Type`) VALUES ('2', 'Sravan	', 'Housing Expert');
INSERT INTO `hyderabad_seller` (`Property_Id`, `Seller`, `Seller_Type`) VALUES ('3', 'Ram Reddy	', 'Broker');
INSERT INTO `hyderabad_seller` (`Property_Id`, `Seller`, `Seller_Type`) VALUES ('4', 'Pavan	', 'Housing Expert');
INSERT INTO `hyderabad_seller` (`Property_Id`, `Seller`, `Seller_Type`) VALUES ('5', 'Ram Reddy	', 'Broker');
INSERT INTO `hyderabad_seller` (`Property_Id`, `Seller`, `Seller_Type`) VALUES ('6', 'Devendhar	', 'Broker');
INSERT INTO `hyderabad_seller` (`Property_Id`, `Seller`, `Seller_Type`) VALUES ('7', 'MOHAN KUMAR V	', 'User');
INSERT INTO `hyderabad_seller` (`Property_Id`, `Seller`, `Seller_Type`) VALUES ('8', 'N B Chowdary	', 'Housing Expert');
INSERT INTO `hyderabad_seller` (`Property_Id`, `Seller`, `Seller_Type`) VALUES ('9', 'MKrishna	', 'User');

INSERT INTO `kolkata_lease` (`Property_Id`, `Property_Type`, `Area_sqft`, `Rent_Ru`, `Location`) VALUES ('1', 'Ready to use Office Space		', 8000, 400000, 'Sector V, Salt Lake City, Kolkata');
INSERT INTO `kolkata_lease` (`Property_Id`, `Property_Type`, `Area_sqft`, `Rent_Ru`, `Location`) VALUES ('2', 'Ready to use Office Space		', 1800,140000, 'CPT Colony, Taratala, Kolkata');
INSERT INTO `kolkata_lease` (`Property_Id`, `Property_Type`, `Area_sqft`, `Rent_Ru`, `Location`) VALUES ('3', 'Showroom		', 3200, 600000, 'Dharmatala, Taltala, Kolkata');
INSERT INTO `kolkata_lease` (`Property_Id`, `Property_Type`, `Area_sqft`, `Rent_Ru`, `Location`) VALUES ('4', 'Showroom		', 4000, 40000, 'Rajpur Sonarpur, Kolkata');
INSERT INTO `kolkata_lease` (`Property_Id`, `Property_Type`, `Area_sqft`, `Rent_Ru`, `Location`) VALUES ('5', 'Shop		', 1200, 300000, 'Park Street Area, Kolkata');
INSERT INTO `kolkata_lease` (`Property_Id`, `Property_Type`, `Area_sqft`, `Rent_Ru`, `Location`) VALUES ('6', 'Shop		', 2000,130000, 'Block A, Lake Town, Kolkata');
INSERT INTO `kolkata_lease` (`Property_Id`, `Property_Type`, `Area_sqft`, `Rent_Ru`, `Location`) VALUES ('7', 'Bare shell Office Space		', 2183,60000, 'Chakpachuria, Kolkata');
INSERT INTO `kolkata_lease` (`Property_Id`, `Property_Type`, `Area_sqft`, `Rent_Ru`, `Location`) VALUES ('8', 'Bare shell Office Space		', 7200,300000, 'Salt Lake City, Kolkata');

INSERT INTO `kolkata_lease_seller` (`Property_Id`, `Seller`, `Seller_Type`) VALUES ('1', 'Sindhu Real Estate	', 'Housing Expert');
INSERT INTO `kolkata_lease_seller` (`Property_Id`, `Seller`, `Seller_Type`) VALUES ('2', 'SNEHA SANTRA	', 'User');
INSERT INTO `kolkata_lease_seller` (`Property_Id`, `Seller`, `Seller_Type`) VALUES ('3', 'Ahmad	', 'Broker');
INSERT INTO `kolkata_lease_seller` (`Property_Id`, `Seller`, `Seller_Type`) VALUES ('4', 'Monidipa Mukherjee	', 'User');
INSERT INTO `kolkata_lease_seller` (`Property_Id`, `Seller`, `Seller_Type`) VALUES ('5', 'Ahmad	', 'Broker');
INSERT INTO `kolkata_lease_seller` (`Property_Id`, `Seller`, `Seller_Type`) VALUES ('6', 'Arya Consultancy	', 'User');
INSERT INTO `kolkata_lease_seller` (`Property_Id`, `Seller`, `Seller_Type`) VALUES ('7', 'utsab samanta	', 'User');
INSERT INTO `kolkata_lease_seller` (`Property_Id`, `Seller`, `Seller_Type`) VALUES ('8', 'Somani Realtors	', 'Housing Expert');

INSERT INTO `kolkata_property` (`Property_Id`, `Property_Type`, `Area_sqft`, `Price_Ru`, `Location`) VALUES ('1', 'Shop			', 524, 6000000, 'Goa Bagan, Maniktala, Kolkata');
INSERT INTO `kolkata_property` (`Property_Id`, `Property_Type`, `Area_sqft`, `Price_Ru`, `Location`) VALUES ('2', 'Shop		', 152, 13800000, 'Barabazar Market, Kolkata');
INSERT INTO `kolkata_property` (`Property_Id`, `Property_Type`, `Area_sqft`, `Price_Ru`, `Location`) VALUES ('3', 'Showroom			', 4500, 45000000, 'Chetla, Alipore, Kolkata');
INSERT INTO `kolkata_property` (`Property_Id`, `Property_Type`, `Area_sqft`, `Price_Ru`, `Location`) VALUES ('4', 'Showroom			', 800,10000000, 'Ballygunge, Kolkata');
INSERT INTO `kolkata_property` (`Property_Id`, `Property_Type`, `Area_sqft`, `Price_Ru`, `Location`) VALUES ('5', 'Ready to use Shop			', 200 ,2500000, 'Jyangra, Rajarhat, Kolkata');
INSERT INTO `kolkata_property` (`Property_Id`, `Property_Type`, `Area_sqft`, `Price_Ru`, `Location`) VALUES ('6', 'Ready to use Shop			', 154 , 4000000, 'Bara Bazar, Kolkata');
INSERT INTO `kolkata_property` (`Property_Id`, `Property_Type`, `Area_sqft`, `Price_Ru`, `Location`) VALUES ('7', 'Ready to use Office Space			', 2500 , 65000000, 'Picnic Garden, Kolkata');
INSERT INTO `kolkata_property` (`Property_Id`, `Property_Type`, `Area_sqft`, `Price_Ru`, `Location`) VALUES ('8', 'Ready to use Office Space			', 500 , 12000000, 'Bow Bazaar, Kolkata');
INSERT INTO `kolkata_property` (`Property_Id`, `Property_Type`, `Area_sqft`, `Price_Ru`, `Location`) VALUES ('9', 'Bare shell Office Space			', 688, 6200000, 'Chakpachuria, New Town, Kolkata');
INSERT INTO `kolkata_property` (`Property_Id`, `Property_Type`, `Area_sqft`, `Price_Ru`, `Location`) VALUES ('10', 'Bare shell Office Space			', 3000,39000000, 'Fairley Place, B B D Bagh, Kolkata');
INSERT INTO `kolkata_property` (`Property_Id`, `Property_Type`, `Area_sqft`, `Price_Ru`, `Location`) VALUES ('11', 'Ready to use Showroom			', 370, 160000, 'Lake Gardens, Kolkata');

INSERT INTO `kolkata_seller` (`Property_Id`, `Seller`, `Seller_Type`) VALUES ('1', 'Chintu singh	', 'User');
INSERT INTO `kolkata_seller` (`Property_Id`, `Seller`, `Seller_Type`) VALUES ('2', 'Somani Realtors	', 'Housing Expert');
INSERT INTO `kolkata_seller` (`Property_Id`, `Seller`, `Seller_Type`) VALUES ('3', 'Haradhan Mahato	', 'Broker');
INSERT INTO `kolkata_seller` (`Property_Id`, `Seller`, `Seller_Type`) VALUES ('4', 'Atanu Deyasi	', 'Broker');
INSERT INTO `kolkata_seller` (`Property_Id`, `Seller`, `Seller_Type`) VALUES ('5', 'Sanoka', 'User');
INSERT INTO `kolkata_seller` (`Property_Id`, `Seller`, `Seller_Type`) VALUES ('6', 'Gopal kumar Shaw	', 'Broker');
INSERT INTO `kolkata_seller` (`Property_Id`, `Seller`, `Seller_Type`) VALUES ('7', 'Haradhan Mahato	', 'Broker');
INSERT INTO `kolkata_seller` (`Property_Id`, `Seller`, `Seller_Type`) VALUES ('8', 'Mithilesh Mishra	', 'Broker');
INSERT INTO `kolkata_seller` (`Property_Id`, `Seller`, `Seller_Type`) VALUES ('9', 'Nvent Property Solutions	', 'Broker');
INSERT INTO `kolkata_seller` (`Property_Id`, `Seller`, `Seller_Type`) VALUES ('10', 'Somani Realtors	', 'Housing Expert');
INSERT INTO `kolkata_seller` (`Property_Id`, `Seller`, `Seller_Type`) VALUES ('11', 'Ajit patra	', 'Broker');

INSERT INTO `mumbai_lease` (`Property_Id`, `Property_Type`, `Area_sqft`, `Rent_Ru`, `Location`) VALUES ('1', 'Shop		', 170, 40000, 'Dadar West, Mumbai');
INSERT INTO `mumbai_lease` (`Property_Id`, `Property_Type`, `Area_sqft`, `Rent_Ru`, `Location`) VALUES ('2', 'Shop		', 720, 80000, 'Sardar Nagar, Sion, Mumbai');
INSERT INTO `mumbai_lease` (`Property_Id`, `Property_Type`, `Area_sqft`, `Rent_Ru`, `Location`) VALUES ('3', 'Showroom		', 310, 400000, 'Bandra West, Mumbai');
INSERT INTO `mumbai_lease` (`Property_Id`, `Property_Type`, `Area_sqft`, `Rent_Ru`, `Location`) VALUES ('4', 'Showroom		', 900, 380000, 'Malad West, Mumbai');
INSERT INTO `mumbai_lease` (`Property_Id`, `Property_Type`, `Area_sqft`, `Rent_Ru`, `Location`) VALUES ('5', 'Bare shell Office Space			', 6000 , 1240000, 'Andheri East, Mumbai');
INSERT INTO `mumbai_lease` (`Property_Id`, `Property_Type`, `Area_sqft`, `Rent_Ru`, `Location`) VALUES ('6', 'Bare shell Office Space		', 2668,650000, 'Bandra East, Mumbai');
INSERT INTO `mumbai_lease` (`Property_Id`, `Property_Type`, `Area_sqft`, `Rent_Ru`, `Location`) VALUES ('7', 'Ready to use Office Space		', 1500,80000, 'Chandivali, Powai, Mumbai');
INSERT INTO `mumbai_lease` (`Property_Id`, `Property_Type`, `Area_sqft`, `Rent_Ru`, `Location`) VALUES ('8', 'Ready to use Office Space		', 450,30000, 'Kandivali West, Mumbai');
INSERT INTO `mumbai_lease` (`Property_Id`, `Property_Type`, `Area_sqft`, `Rent_Ru`, `Location`) VALUES ('9', 'Ready to use Shop		', 400 ,16000, 'Virar West, Mumbai');
INSERT INTO `mumbai_lease` (`Property_Id`, `Property_Type`, `Area_sqft`, `Rent_Ru`, `Location`) VALUES ('10', 'Ready to use Showroom		', 2500,400000, 'Bhuleshwar, Mumbai');
INSERT INTO `mumbai_lease` (`Property_Id`, `Property_Type`, `Area_sqft`, `Rent_Ru`, `Location`) VALUES ('11', 'Ready to use Shop		', 342 , 50000, 'Dadar West, Mumbai');
INSERT INTO `mumbai_lease` (`Property_Id`, `Property_Type`, `Area_sqft`, `Rent_Ru`, `Location`) VALUES ('12', 'Ready to use Showroom		', 6482,400000, 'Ghatkopar East, Mumbai');

INSERT INTO `mumbaia_lease_seller` (`Property_Id`, `Seller`, `Seller_Type`) VALUES ('1', 'DREAM PROPERTIES	', 'Broker');
INSERT INTO `mumbaia_lease_seller` (`Property_Id`, `Seller`, `Seller_Type`) VALUES ('2', 'The Green Cottage	', 'Housing Expert');
INSERT INTO `mumbaia_lease_seller` (`Property_Id`, `Seller`, `Seller_Type`) VALUES ('3', 'Anjali	', 'Housing Expert');
INSERT INTO `mumbaia_lease_seller` (`Property_Id`, `Seller`, `Seller_Type`) VALUES ('4', 'Mr. Sandeep Didwania	', 'Housing Expert');
INSERT INTO `mumbaia_lease_seller` (`Property_Id`, `Seller`, `Seller_Type`) VALUES ('5', 'Mr. Sandeep Didwania	', 'Housing Expert');
INSERT INTO `mumbaia_lease_seller` (`Property_Id`, `Seller`, `Seller_Type`) VALUES ('6', 'Pryank Agarwal	', 'Broker');
INSERT INTO `mumbaia_lease_seller` (`Property_Id`, `Seller`, `Seller_Type`) VALUES ('7', 'amresh kumar	', 'User');
INSERT INTO `mumbaia_lease_seller` (`Property_Id`, `Seller`, `Seller_Type`) VALUES ('8', 'Tejas Shah	', 'Broker');
INSERT INTO `mumbaia_lease_seller` (`Property_Id`, `Seller`, `Seller_Type`) VALUES ('9', 'Pranit panchal	', 'Broker');
INSERT INTO `mumbaia_lease_seller` (`Property_Id`, `Seller`, `Seller_Type`) VALUES ('10', 'Umesh Ahuja	', 'User');
INSERT INTO `mumbaia_lease_seller` (`Property_Id`, `Seller`, `Seller_Type`) VALUES ('11', 'Kaustubh Mhatre	', 'User');
INSERT INTO `mumbaia_lease_seller` (`Property_Id`, `Seller`, `Seller_Type`) VALUES ('12', 'User	', 'Builder');

INSERT INTO `mumbai_property` (`Property_Id`, `Property_Type`, `Area_sqft`, `Price_Ru`, `Location`) VALUES ('1', 'Shop	', 300 , 19000000 , 'Silver Park, Mira Road East, Mumbai');
INSERT INTO `mumbai_property` (`Property_Id`, `Property_Type`, `Area_sqft`, `Price_Ru`, `Location`) VALUES ('2', 'Shop	', 300 , 4950000, 'Panch Bawadi, Malad East, Mumbai');
INSERT INTO `mumbai_property` (`Property_Id`, `Property_Type`, `Area_sqft`, `Price_Ru`, `Location`) VALUES ('3', 'Ready to use Office Space		', 1302, 17500000, 'Kondivita, Andheri East, Mumbai');
INSERT INTO `mumbai_property` (`Property_Id`, `Property_Type`, `Area_sqft`, `Price_Ru`, `Location`) VALUES ('4', 'Ready to use Office Space		', 550, 4000000, 'Ambernath West, Mumbai');
INSERT INTO `mumbai_property` (`Property_Id`, `Property_Type`, `Area_sqft`, `Price_Ru`, `Location`) VALUES ('5', 'Bare shell Shop			', 1800 ,19000000, 'Bokadvira, Dronagiri, Mumbai');
INSERT INTO `mumbai_property` (`Property_Id`, `Property_Type`, `Area_sqft`, `Price_Ru`, `Location`) VALUES ('6', 'Bare shell Office Space	', 2286 , 13500000, 'Gandhar Nagar, Kalyan West, Mumbai');
INSERT INTO `mumbai_property` (`Property_Id`, `Property_Type`, `Area_sqft`, `Price_Ru`, `Location`) VALUES ('7', 'Showroom	', 15000 , 170000000, 'Kashimira, Mira Road East, Mumbai');
INSERT INTO `mumbai_property` (`Property_Id`, `Property_Type`, `Area_sqft`, `Price_Ru`, `Location`) VALUES ('8', 'Showroom	', 2000 , 96500000, 'Malad East, Mumbai');
INSERT INTO `mumbai_property` (`Property_Id`, `Property_Type`, `Area_sqft`, `Price_Ru`, `Location`) VALUES ('9', 'Ready to use Shop	', 1400, 65000000, 'Dadi Sheth Wadi, Malabar Hill, Mumbai');
INSERT INTO `mumbai_property` (`Property_Id`, `Property_Type`, `Area_sqft`, `Price_Ru`, `Location`) VALUES ('10', 'Ready to use Shop		', 600, 8500000, 'Taloja, Mumbai');

INSERT INTO `mumbai_seller` (`Property_Id`, `Seller`, `Seller_Type`) VALUES ('1', 'Mahesh chhajed	', 'Broker');
INSERT INTO `mumbai_seller` (`Property_Id`, `Seller`, `Seller_Type`) VALUES ('2', 'BS PROPERTIES AND FINANCE GROUP	', 'Housing Expert');
INSERT INTO `mumbai_seller` (`Property_Id`, `Seller`, `Seller_Type`) VALUES ('3', 'Amir khandwala	', 'Broker');
INSERT INTO `mumbai_seller` (`Property_Id`, `Seller`, `Seller_Type`) VALUES ('4', 'Supriya mangesh more	', 'User');
INSERT INTO `mumbai_seller` (`Property_Id`, `Seller`, `Seller_Type`) VALUES ('5', 'Goodwill Realty	Broker', 'Broker');
INSERT INTO `mumbai_seller` (`Property_Id`, `Seller`, `Seller_Type`) VALUES ('6', 'DisposalHub	', 'Broker');
INSERT INTO `mumbai_seller` (`Property_Id`, `Seller`, `Seller_Type`) VALUES ('7', 'Yusuf Khan	', 'Broker');
INSERT INTO `mumbai_seller` (`Property_Id`, `Seller`, `Seller_Type`) VALUES ('8', 'Mr. Sandeep Didwania	', 'Housing Expert');
INSERT INTO `mumbai_seller` (`Property_Id`, `Seller`, `Seller_Type`) VALUES ('9', 'Umesh Ahuja	', 'User');
INSERT INTO `mumbai_seller` (`Property_Id`, `Seller`, `Seller_Type`) VALUES ('10', 'Dhruv Property Consultant	', 'Broker');

INSERT INTO `navimumbai_lease` (`Property_Id`, `Property_Type`, `Area_sqft`, `Rent_Ru`, `Location`) VALUES ('1', 'Ready to use Office Space		', 1100, 50000, 'Sector 15, Belapur CBD, Mumbai');
INSERT INTO `navimumbai_lease` (`Property_Id`, `Property_Type`, `Area_sqft`, `Rent_Ru`, `Location`) VALUES ('2', 'Ready to use Office Space		', 3000, 400000, 'Sector 13, Kharghar, Mumbai');
INSERT INTO `navimumbai_lease` (`Property_Id`, `Property_Type`, `Area_sqft`, `Rent_Ru`, `Location`) VALUES ('3', 'Shop		', 2000, 100000, 'Sector 7, Kharghar, Mumbai');
INSERT INTO `navimumbai_lease` (`Property_Id`, `Property_Type`, `Area_sqft`, `Rent_Ru`, `Location`) VALUES ('4', 'Shop			', 2500, 22000, 'Kamothe, Mumbai');
INSERT INTO `navimumbai_lease` (`Property_Id`, `Property_Type`, `Area_sqft`, `Rent_Ru`, `Location`) VALUES ('5', 'Showroom		', 500, 300000, 'Sector 4, Kharghar, Mumbai');
INSERT INTO `navimumbai_lease` (`Property_Id`, `Property_Type`, `Area_sqft`, `Rent_Ru`, `Location`) VALUES ('6', 'Showroom		', 4500, 150000, 'Kopar Khairane, Mumbai');
INSERT INTO `navimumbai_lease` (`Property_Id`, `Property_Type`, `Area_sqft`, `Rent_Ru`, `Location`) VALUES ('7', 'Bare shell Office Space		', 1600, 80000, 'Sector 25, Vashi, Mumbai');
INSERT INTO `navimumbai_lease` (`Property_Id`, `Property_Type`, `Area_sqft`, `Rent_Ru`, `Location`) VALUES ('8', 'Bare shell Office Space		', 3095, 190000, 'Turbhe MIDC, Turbhe, Mumbai');
INSERT INTO `navimumbai_lease` (`Property_Id`, `Property_Type`, `Area_sqft`, `Rent_Ru`, `Location`) VALUES ('9', 'Ready to use Shop			', 400, 25000, 'Kamothe, Mumbai');
INSERT INTO `navimumbai_lease` (`Property_Id`, `Property_Type`, `Area_sqft`, `Rent_Ru`, `Location`) VALUES ('10', 'Ready to use Shop		', 585,40000, 'Sector-16, Vashi, Mumbai');

INSERT INTO `navimumbai_lease_seller` (`Property_Id`, `Seller`, `Seller_Type`) VALUES ('1', 'Swapnil Tambe	', 'Broker');
INSERT INTO `navimumbai_lease_seller` (`Property_Id`, `Seller`, `Seller_Type`) VALUES ('2', 'Kishor ji	', 'Broker');
INSERT INTO `navimumbai_lease_seller` (`Property_Id`, `Seller`, `Seller_Type`) VALUES ('3', 'Kishor ji	', 'Broker');
INSERT INTO `navimumbai_lease_seller` (`Property_Id`, `Seller`, `Seller_Type`) VALUES ('4', 'Ravindraj	', 'Housing Expert');
INSERT INTO `navimumbai_lease_seller` (`Property_Id`, `Seller`, `Seller_Type`) VALUES ('5', 'Kishor ji	', 'Broker');
INSERT INTO `navimumbai_lease_seller` (`Property_Id`, `Seller`, `Seller_Type`) VALUES ('6', 'aslam	', 'Broker');
INSERT INTO `navimumbai_lease_seller` (`Property_Id`, `Seller`, `Seller_Type`) VALUES ('7', 'Kavik	', 'User');
INSERT INTO `navimumbai_lease_seller` (`Property_Id`, `Seller`, `Seller_Type`) VALUES ('8', 'Naveen Singh	', 'Broker');
INSERT INTO `navimumbai_lease_seller` (`Property_Id`, `Seller`, `Seller_Type`) VALUES ('9', 'Jayesh	', 'Broker');
INSERT INTO `navimumbai_lease_seller` (`Property_Id`, `Seller`, `Seller_Type`) VALUES ('10', 'Pawan Agrawal	', 'User');

INSERT INTO `navimumbai_property` (`Property_Id`, `Property_Type`, `Area_sqft`, `Price_Ru`, `Location`) VALUES ('1', 'Bare shell Office Space			', 1350 , 9000000, 'Sector 15, Nerul, Mumbai');
INSERT INTO `navimumbai_property` (`Property_Id`, `Property_Type`, `Area_sqft`, `Price_Ru`, `Location`) VALUES ('2', 'Bare shell Office Space			', 1033 ,9466000, 'Turbhe MIDC, Turbhe, Mumbai');
INSERT INTO `navimumbai_property` (`Property_Id`, `Property_Type`, `Area_sqft`, `Price_Ru`, `Location`) VALUES ('3', 'Ready to use Office Space			', 1010,12000000, 'Ulwe, Mumbai');
INSERT INTO `navimumbai_property` (`Property_Id`, `Property_Type`, `Area_sqft`, `Price_Ru`, `Location`) VALUES ('4', 'Ready to use Office Space		', 1280,20000000, 'CBD Sector 11, Belapur CBD, Mumbai');
INSERT INTO `navimumbai_property` (`Property_Id`, `Property_Type`, `Area_sqft`, `Price_Ru`, `Location`) VALUES ('5', 'Shop	', 1010, 12000000, 'Ulwe, Mumbai');
INSERT INTO `navimumbai_property` (`Property_Id`, `Property_Type`, `Area_sqft`, `Price_Ru`, `Location`) VALUES ('6', 'Shop		', 890, 14000000, 'Sector 8, Ulwe, Mumbai');
INSERT INTO `navimumbai_property` (`Property_Id`, `Property_Type`, `Area_sqft`, `Price_Ru`, `Location`) VALUES ('7', 'Showroom			', 5558,127400000, 'Turbhe MIDC, Turbhe, Mumbai');
INSERT INTO `navimumbai_property` (`Property_Id`, `Property_Type`, `Area_sqft`, `Price_Ru`, `Location`) VALUES ('8', 'Showroom		', 2000,25300000, 'Shiravane, Nerul, Mumbai');
INSERT INTO `navimumbai_property` (`Property_Id`, `Property_Type`, `Area_sqft`, `Price_Ru`, `Location`) VALUES ('9', 'Ready to use Shop			', 600, 8500000, 'Taloja, Mumbai');

INSERT INTO `navimumbai_seller` (`Property_Id`, `Seller`, `Seller_Type`) VALUES ('1', 'Sneha Singh	', 'Housing Expert');
INSERT INTO `navimumbai_seller` (`Property_Id`, `Seller`, `Seller_Type`) VALUES ('2', 'N S PROPERTY CONSULTANT	', 'Broker');
INSERT INTO `navimumbai_seller` (`Property_Id`, `Seller`, `Seller_Type`) VALUES ('3', 'NestGuru Realtors Pvt. Ltd.	', 'Broker');
INSERT INTO `navimumbai_seller` (`Property_Id`, `Seller`, `Seller_Type`) VALUES ('4', 'Darshana Dalvi	', 'Broker');
INSERT INTO `navimumbai_seller` (`Property_Id`, `Seller`, `Seller_Type`) VALUES ('5', 'NestGuru Realtors Pvt. Ltd.	', 'Broker');
INSERT INTO `navimumbai_seller` (`Property_Id`, `Seller`, `Seller_Type`) VALUES ('6', 'Mohanlal maurya	', 'Housing Expert');
INSERT INTO `navimumbai_seller` (`Property_Id`, `Seller`, `Seller_Type`) VALUES ('7', 'Vinod Choudke	', 'User');
INSERT INTO `navimumbai_seller` (`Property_Id`, `Seller`, `Seller_Type`) VALUES ('8', 'Swapnil Ghodake	', 'Broker');
INSERT INTO `navimumbai_seller` (`Property_Id`, `Seller`, `Seller_Type`) VALUES ('9', 'Dhruv Property Consultant	', 'Broker');

INSERT INTO `noida_lease` (`Property_Id`, `Property_Type`, `Area_sqft`, `Rent_Ru`, `Location`) VALUES ('1', 'Shop		', 300 , 55000, 'Basai, Sector 70, Noida');
INSERT INTO `noida_lease` (`Property_Id`, `Property_Type`, `Area_sqft`, `Rent_Ru`, `Location`) VALUES ('2', 'Shop			', 1000 ,85000, 'Block F, Sector 41, Noida');
INSERT INTO `noida_lease` (`Property_Id`, `Property_Type`, `Area_sqft`, `Rent_Ru`, `Location`) VALUES ('3', 'Ready to use Office Space		', 3200, 200000, 'C Block, Sector 15, Noida');
INSERT INTO `noida_lease` (`Property_Id`, `Property_Type`, `Area_sqft`, `Rent_Ru`, `Location`) VALUES ('4', 'Ready to use Office Space		', 600 , 35000, 'Industrial Area, Sector 62, Noida');
INSERT INTO `noida_lease` (`Property_Id`, `Property_Type`, `Area_sqft`, `Rent_Ru`, `Location`) VALUES ('5', 'Bare shell Office Space		', 25000, 750000, 'Block B, Sector 80, Noida');
INSERT INTO `noida_lease` (`Property_Id`, `Property_Type`, `Area_sqft`, `Rent_Ru`, `Location`) VALUES ('6', 'Bare shell Office Space		',150 , 20000, 'Sector 94, Noida');
INSERT INTO `noida_lease` (`Property_Id`, `Property_Type`, `Area_sqft`, `Rent_Ru`, `Location`) VALUES ('7', 'Showroom		', 550, 130000, 'Pocket L, Sector 18, Noida');
INSERT INTO `noida_lease` (`Property_Id`, `Property_Type`, `Area_sqft`, `Rent_Ru`, `Location`) VALUES ('8', 'Showroom		', 700 ,55000, 'Baraula, Sector 49, Noida');

INSERT INTO `noida_lease_seller` (`Property_Id`, `Seller`, `Seller_Type`) VALUES ('1', 'pooja	', 'User');
INSERT INTO `noida_lease_seller` (`Property_Id`, `Seller`, `Seller_Type`) VALUES ('2', 'MJF Lion Dr Vinay Sisodia	', 'Housing Expert');
INSERT INTO `noida_lease_seller` (`Property_Id`, `Seller`, `Seller_Type`) VALUES ('3', 'Amit Property Dealer	', 'Broker');
INSERT INTO `noida_lease_seller` (`Property_Id`, `Seller`, `Seller_Type`) VALUES ('4', 'Prabhat Gupta	', 'Housing Expert');
INSERT INTO `noida_lease_seller` (`Property_Id`, `Seller`, `Seller_Type`) VALUES ('5', 'VIMAL SAXENA	', 'Broker');
INSERT INTO `noida_lease_seller` (`Property_Id`, `Seller`, `Seller_Type`) VALUES ('6', 'Gagan Kumar	', 'Broker');
INSERT INTO `noida_lease_seller` (`Property_Id`, `Seller`, `Seller_Type`) VALUES ('7', 'Taruna	', 'Broker');
INSERT INTO `noida_lease_seller` (`Property_Id`, `Seller`, `Seller_Type`) VALUES ('8', 'Akash Yadav	', 'Housing Expert');

INSERT INTO `noida_property` (`Property_Id`, `Property_Type`, `Area_sqft`, `Price_Ru`, `Location`) VALUES ('1', 'Shop			', 635, 13000000, 'Industrial Area, Sector 62, Noida');
INSERT INTO `noida_property` (`Property_Id`, `Property_Type`, `Area_sqft`, `Price_Ru`, `Location`) VALUES ('2', 'Shop			', 200 , 5200000, 'Sector 75, Noida');
INSERT INTO `noida_property` (`Property_Id`, `Property_Type`, `Area_sqft`, `Price_Ru`, `Location`) VALUES ('3', 'Bare shell Office Space			', 1200 , 8400000, 'Block A, Sector 132, Noida');
INSERT INTO `noida_property` (`Property_Id`, `Property_Type`, `Area_sqft`, `Price_Ru`, `Location`) VALUES ('4', 'Bare shell Office Space		', 900, 14000000, 'Sector 94, Noida');
INSERT INTO `noida_property` (`Property_Id`, `Property_Type`, `Area_sqft`, `Price_Ru`, `Location`) VALUES ('5', 'Ready to use Office Space			', 800 , 6400000, 'Sector 129, Noida');
INSERT INTO `noida_property` (`Property_Id`, `Property_Type`, `Area_sqft`, `Price_Ru`, `Location`) VALUES ('6', 'Ready to use Office Space			', 240 , 3278000, 'Sector 90, Noida');
INSERT INTO `noida_property` (`Property_Id`, `Property_Type`, `Area_sqft`, `Price_Ru`, `Location`) VALUES ('7', 'Ready to use Shop			', 200, 900000, 'Sector 90, Noida');
INSERT INTO `noida_property` (`Property_Id`, `Property_Type`, `Area_sqft`, `Price_Ru`, `Location`) VALUES ('8', 'Ready to use Shop			', 1600 , 38000000, 'Block C, Sector 41, Noida');
INSERT INTO `noida_property` (`Property_Id`, `Property_Type`, `Area_sqft`, `Price_Ru`, `Location`) VALUES ('9', 'Showroom		', 1800, 32400000, 'Sector 140A, Noida');
INSERT INTO `noida_property` (`Property_Id`, `Property_Type`, `Area_sqft`, `Price_Ru`, `Location`) VALUES ('10', 'Showroom	', 630 , 15700000, 'Sector 75, Noida');

INSERT INTO `noida_seller` (`Property_Id`, `Seller`, `Seller_Type`) VALUES ('1', 'Kuldeep Kumar	', 'Broker');
INSERT INTO `noida_seller` (`Property_Id`, `Seller`, `Seller_Type`) VALUES ('2', 'Sonu Pandey	', 'User');
INSERT INTO `noida_seller` (`Property_Id`, `Seller`, `Seller_Type`) VALUES ('3', 'Nisha Jha	', 'Housing Expert');
INSERT INTO `noida_seller` (`Property_Id`, `Seller`, `Seller_Type`) VALUES ('4', 'Ritesh goyal	', 'Housing Expert');
INSERT INTO `noida_seller` (`Property_Id`, `Seller`, `Seller_Type`) VALUES ('5', 'Saurabh Gupta	', 'Housing Expert');
INSERT INTO `noida_seller` (`Property_Id`, `Seller`, `Seller_Type`) VALUES ('6', 'The Yellow Square	', 'Broker');
INSERT INTO `noida_seller` (`Property_Id`, `Seller`, `Seller_Type`) VALUES ('7', 'Sandeep Kumar	', 'User');
INSERT INTO `noida_seller` (`Property_Id`, `Seller`, `Seller_Type`) VALUES ('8', 'Taruna	', 'Broker');
INSERT INTO `noida_seller` (`Property_Id`, `Seller`, `Seller_Type`) VALUES ('9', 'Yashpal Batra	', 'Broker');
INSERT INTO `noida_seller` (`Property_Id`, `Seller`, `Seller_Type`) VALUES ('10', 'SmartMatrix Realty Pvt. Ltd.	', 'Housing Expert');

INSERT INTO `pune_lease` (`Property_Id`, `Property_Type`, `Area_sqft`, `Rent_Ru`, `Location`) VALUES ('1', 'Ready to use Office Space		', 1036, 85000, 'Baner, Pune');
INSERT INTO `pune_lease` (`Property_Id`, `Property_Type`, `Area_sqft`, `Rent_Ru`, `Location`) VALUES ('2', 'Ready to use Office Space		', 1150, 75000, 'Deccan Gymkhana, Pune');
INSERT INTO `pune_lease` (`Property_Id`, `Property_Type`, `Area_sqft`, `Rent_Ru`, `Location`) VALUES ('3', 'Showroom		', 1700, 75000, 'Wadgaon Sheri, Pune');
INSERT INTO `pune_lease` (`Property_Id`, `Property_Type`, `Area_sqft`, `Rent_Ru`, `Location`) VALUES ('4', 'Showroom		', 3645 , 250000, 'Charholi Budruk, Pune');
INSERT INTO `pune_lease` (`Property_Id`, `Property_Type`, `Area_sqft`, `Rent_Ru`, `Location`) VALUES ('5', 'Shop		', 3645 , 250000, 'Charholi Budruk, Pune');
INSERT INTO `pune_lease` (`Property_Id`, `Property_Type`, `Area_sqft`, `Rent_Ru`, `Location`) VALUES ('6', 'Shop		', 250 , 38000, 'Lokmanya Colony, Kothrud, Pune');
INSERT INTO `pune_lease` (`Property_Id`, `Property_Type`, `Area_sqft`, `Rent_Ru`, `Location`) VALUES ('7', 'Bare shell Office Space		', 1550 , 75000, 'Baner, Pune');
INSERT INTO `pune_lease` (`Property_Id`, `Property_Type`, `Area_sqft`, `Rent_Ru`, `Location`) VALUES ('8', 'Bare shell Office Space		', 5146, 440000, 'Rakshak Nagar, Kharadi, Pune');

INSERT INTO `pune_lease_seller` (`Property_Id`, `Seller`, `Seller_Type`) VALUES ('1', 'Nilesh Gandhi	', 'User');
INSERT INTO `pune_lease_seller` (`Property_Id`, `Seller`, `Seller_Type`) VALUES ('2', 'Vishal Tilekar	', 'Broker');
INSERT INTO `pune_lease_seller` (`Property_Id`, `Seller`, `Seller_Type`) VALUES ('3', 'Yogesh Shivaji Galande	', 'User');
INSERT INTO `pune_lease_seller` (`Property_Id`, `Seller`, `Seller_Type`) VALUES ('4', 'santosh deshmukh	', 'Broker');
INSERT INTO `pune_lease_seller` (`Property_Id`, `Seller`, `Seller_Type`) VALUES ('5', 'santosh deshmukh	', 'Broker');
INSERT INTO `pune_lease_seller` (`Property_Id`, `Seller`, `Seller_Type`) VALUES ('6', 'Vishal Tilekar	', 'Broker');
INSERT INTO `pune_lease_seller` (`Property_Id`, `Seller`, `Seller_Type`) VALUES ('7', 'i Realtors	', 'Broker');
INSERT INTO `pune_lease_seller` (`Property_Id`, `Seller`, `Seller_Type`) VALUES ('8', 'shaikh Sara	', 'Broker');

INSERT INTO `pune_property` (`Property_Id`, `Property_Type`, `Area_sqft`, `Price_Ru`, `Location`) VALUES ('1', 'Shop		', 1089, 12000000, 'Ravet, Pune');
INSERT INTO `pune_property` (`Property_Id`, `Property_Type`, `Area_sqft`, `Price_Ru`, `Location`) VALUES ('2', 'Shop	', 380 , 10000000, 'Market Yard, Gultekdi, Pune');
INSERT INTO `pune_property` (`Property_Id`, `Property_Type`, `Area_sqft`, `Price_Ru`, `Location`) VALUES ('3', 'Showroom		', 2424, 44000000, 'Baner, Pune');
INSERT INTO `pune_property` (`Property_Id`, `Property_Type`, `Area_sqft`, `Price_Ru`, `Location`) VALUES ('4', 'Showroom	', 7000 ,175000000, 'Perugate, Sadashiv Peth, Pune');
INSERT INTO `pune_property` (`Property_Id`, `Property_Type`, `Area_sqft`, `Price_Ru`, `Location`) VALUES ('5', 'Ready to use Office Space			', 1521, 25000000, 'Baner, Pune');
INSERT INTO `pune_property` (`Property_Id`, `Property_Type`, `Area_sqft`, `Price_Ru`, `Location`) VALUES ('6', 'Ready to use Office Space			', 1200, 19000000, 'Mhada Colony, Viman Nagar, Pune');
INSERT INTO `pune_property` (`Property_Id`, `Property_Type`, `Area_sqft`, `Price_Ru`, `Location`) VALUES ('7', 'Bare shell Office Space		', 1750 , 23500000, 'Balewadi Phata, Baner, Pune');
INSERT INTO `pune_property` (`Property_Id`, `Property_Type`, `Area_sqft`, `Price_Ru`, `Location`) VALUES ('8', 'Ready to use Shop			', 330 , 3400000, 'Magarpatta City, Pune');
INSERT INTO `pune_property` (`Property_Id`, `Property_Type`, `Area_sqft`, `Price_Ru`, `Location`) VALUES ('9', 'Ready to use Showroom			', 412 , 10000000, 'Hadapsar Gaon, Hadapsar, Pune');

INSERT INTO `pune_seller` (`Property_Id`,`Seller`,`Seller_Type`) VALUES (1,'Choice Us Realtors	','Broker');
INSERT INTO `pune_seller` (`Property_Id`,`Seller`,`Seller_Type`) VALUES (2,'Swati	','User');
INSERT INTO `pune_seller` (`Property_Id`,`Seller`,`Seller_Type`) VALUES (3,'One Acre Properties	','Broker');
INSERT INTO `pune_seller` (`Property_Id`,`Seller`,`Seller_Type`) VALUES (4,'JAYKUMAR BHUTADA	','Broker');
INSERT INTO `pune_seller` (`Property_Id`,`Seller`,`Seller_Type`) VALUES (5,'Madhusudan Narale','Broker');
INSERT INTO `pune_seller` (`Property_Id`,`Seller`,`Seller_Type`) VALUES (6,'Rakesh Jamanale	','User');
INSERT INTO `pune_seller` (`Property_Id`,`Seller`,`Seller_Type`) VALUES (7,'Paradise Homes Goa	','Broker');
INSERT INTO `pune_seller` (`Property_Id`,`Seller`,`Seller_Type`) VALUES (8,'Thomas Estates	','Broker');
INSERT INTO `pune_seller` (`Property_Id`,`Seller`,`Seller_Type`) VALUES (9,'Vijay Kumar	','Broker');

INSERT INTO `thane_lease` (`Property_Id`, `Property_Type`, `Area_sqft`, `Rent_Ru`, `Location`) VALUES ('1', 'Ready to use Office Space		', 3300, 310000, 'Kokanipada, Thane West, Mumbai');
INSERT INTO `thane_lease` (`Property_Id`, `Property_Type`, `Area_sqft`, `Rent_Ru`, `Location`) VALUES ('2', 'Ready to use Office Space		', 1700, 180000, 'Cadbury junction, Khopat, Mumbai');
INSERT INTO `thane_lease` (`Property_Id`, `Property_Type`, `Area_sqft`, `Rent_Ru`, `Location`) VALUES ('3', 'Shop		', 3000,390000, 'Kokanipada, Thane West, Mumbai');
INSERT INTO `thane_lease` (`Property_Id`, `Property_Type`, `Area_sqft`, `Rent_Ru`, `Location`) VALUES ('4', 'Shop		', 500 , 45000, 'Brahmand, Thane West, Mumbai');
INSERT INTO `thane_lease` (`Property_Id`, `Property_Type`, `Area_sqft`, `Rent_Ru`, `Location`) VALUES ('5', 'Showroom			', 32000, 2000000, 'Shilphata, Mumbai');
INSERT INTO `thane_lease` (`Property_Id`, `Property_Type`, `Area_sqft`, `Rent_Ru`, `Location`) VALUES ('6', 'Showroom		', 1600 , 260000, 'Kokanipada, Thane West, Mumbai');
INSERT INTO `thane_lease` (`Property_Id`, `Property_Type`, `Area_sqft`, `Rent_Ru`, `Location`) VALUES ('7', 'Bare shell Office Space		', 3500 , 250000, 'Cadbury junction, Khopat, Mumbai');
INSERT INTO `thane_lease` (`Property_Id`, `Property_Type`, `Area_sqft`, `Rent_Ru`, `Location`) VALUES ('8', 'Bare shell Office Space			', 750 , 35000, 'Patlipada, Thane West, Mumbai');
INSERT INTO `thane_lease` (`Property_Id`, `Property_Type`, `Area_sqft`, `Rent_Ru`, `Location`) VALUES ('9', 'Ready to use Shop		', 900 , 150000, 'Ganeshwadi, Thane West, Mumbai');

INSERT INTO `thane_lease_seller` (`Property_Id`, `Seller`, `Seller_Type`) VALUES ('1', 'Avishkar Dangat	', 'Broker');
INSERT INTO `thane_lease_seller` (`Property_Id`, `Seller`, `Seller_Type`) VALUES ('2', 'pratindya	', 'User');
INSERT INTO `thane_lease_seller` (`Property_Id`, `Seller`, `Seller_Type`) VALUES ('3', 'Avishkar Dangat	', 'Broker');
INSERT INTO `thane_lease_seller` (`Property_Id`, `Seller`, `Seller_Type`) VALUES ('4', 'Jayashankar Sasidharan Kunnath	', 'Housing Expert');
INSERT INTO `thane_lease_seller` (`Property_Id`, `Seller`, `Seller_Type`) VALUES ('5', 'Mayur	', 'User');
INSERT INTO `thane_lease_seller` (`Property_Id`, `Seller`, `Seller_Type`) VALUES ('6', 'Vipin yadav	', 'Broker');
INSERT INTO `thane_lease_seller` (`Property_Id`, `Seller`, `Seller_Type`) VALUES ('7', 'Nirvana Space Marketing Services	', 'Broker');
INSERT INTO `thane_lease_seller` (`Property_Id`, `Seller`, `Seller_Type`) VALUES ('8', 'Nilesh Amesar	', 'Housing Expert');
INSERT INTO `thane_lease_seller` (`Property_Id`, `Seller`, `Seller_Type`) VALUES ('9', 'Shreeji Properties	', 'Broker');

INSERT INTO `thane_property` (`Property_Id`, `Property_Type`, `Area_sqft`, `Price_Ru`, `Location`) VALUES ('1', 'Ready to use Office Space	', 1000 , 13500000, 'Daulat Nagar, Thane East, Mumbai');
INSERT INTO `thane_property` (`Property_Id`, `Property_Type`, `Area_sqft`, `Price_Ru`, `Location`) VALUES ('2', 'Ready to use Office Space			', 1060 , 9500000, 'Subhash Nagar, Thane West, Mumbai');
INSERT INTO `thane_property` (`Property_Id`, `Property_Type`, `Area_sqft`, `Price_Ru`, `Location`) VALUES ('3', 'Shop			', 400 , 22500000, 'Anand Nagar, Thane West, Mumbai');
INSERT INTO `thane_property` (`Property_Id`, `Property_Type`, `Area_sqft`, `Price_Ru`, `Location`) VALUES ('4', 'Shop			', 756 , 25000000, 'Bhayandarpada, Thane West, Mumbai');
INSERT INTO `thane_property` (`Property_Id`, `Property_Type`, `Area_sqft`, `Price_Ru`, `Location`) VALUES ('5', 'Showroom			', 550 , 28100000, 'Hiranandani Estate, Mumbai');
INSERT INTO `thane_property` (`Property_Id`, `Property_Type`, `Area_sqft`, `Price_Ru`, `Location`) VALUES ('6', 'Bare shell Office Space			', 571 , 14200000, 'Majiwada, Thane West, Mumbai');
INSERT INTO `thane_property` (`Property_Id`, `Property_Type`, `Area_sqft`, `Price_Ru`, `Location`) VALUES ('7', 'Bare shell Office Space			', 4000 , 60000000, 'Panch Pakhadi, Thane West, Mumbai');

INSERT INTO `thane_seller` (`Property_Id`, `Seller`, `Seller_Type`) VALUES ('1', 'Tejas	', 'User');
INSERT INTO `thane_seller` (`Property_Id`, `Seller`, `Seller_Type`) VALUES ('2', 'Rohan Sonawane	', 'Housing Expert');
INSERT INTO `thane_seller` (`Property_Id`, `Seller`, `Seller_Type`) VALUES ('3', 'Thakurjee Properties	', 'Housing Expert');
INSERT INTO `thane_seller` (`Property_Id`, `Seller`, `Seller_Type`) VALUES ('4', 'Aarti	', 'Broker');
INSERT INTO `thane_seller` (`Property_Id`, `Seller`, `Seller_Type`) VALUES ('5', 'Investor Experts Property	', 'Broker');
INSERT INTO `thane_seller` (`Property_Id`, `Seller`, `Seller_Type`) VALUES ('6', 'Rohan Sonawane	', 'Housing Expert');
INSERT INTO `thane_seller` (`Property_Id`, `Seller`, `Seller_Type`) VALUES ('7', 'S R Mishra	', 'Broker');


INSERT INTO `ahmedabad_renting_property`(`property_id_ahmedabad`,`property_type`,`area_sqft`,`price`,`bhk_type`,`location`,`furnish_type`) VALUES (1,'Apartment',1436,26000,3,'florence,Bopal, Ahmedabad','Semi Furnished');
INSERT INTO `ahmedabad_renting_property`(`property_id_ahmedabad`,`property_type`,`area_sqft`,`price`,`bhk_type`,`location`,`furnish_type`) VALUES (2,'Apartment',1265,23500,2,'Shela, Ahmedabad','Fully Furnished');
INSERT INTO `ahmedabad_renting_property`(`property_id_ahmedabad`,`property_type`,`area_sqft`,`price`,`bhk_type`,`location`,`furnish_type`) VALUES (3,'Apartment',1290,13500,2,'Utsav Apartment,Satellite, Ahmedabad','Unfurnished');
INSERT INTO `ahmedabad_renting_property`(`property_id_ahmedabad`,`property_type`,`area_sqft`,`price`,`bhk_type`,`location`,`furnish_type`) VALUES (4,'Independent House',1700,16000,3,'Sanand, Ahmedabad','Semi Furnished');
INSERT INTO `ahmedabad_renting_property`(`property_id_ahmedabad`,`property_type`,`area_sqft`,`price`,`bhk_type`,`location`,`furnish_type`) VALUES (5,'Independent House',1833,55000,3,'Satellite, Ahmedabad','Fully Furnished');
INSERT INTO `ahmedabad_renting_property`(`property_id_ahmedabad`,`property_type`,`area_sqft`,`price`,`bhk_type`,`location`,`furnish_type`) VALUES (6,'Independent House',1000,16000,2,'Meldinagar, Vejalpur,Ahmedabad','Unfurnished');
INSERT INTO `ahmedabad_renting_property`(`property_id_ahmedabad`,`property_type`,`area_sqft`,`price`,`bhk_type`,`location`,`furnish_type`) VALUES (7,'Independent Floor',1000,45000,4,'Khokhra, Ahmedabad','Semi Furnished');
INSERT INTO `ahmedabad_renting_property`(`property_id_ahmedabad`,`property_type`,`area_sqft`,`price`,`bhk_type`,`location`,`furnish_type`) VALUES (8,'Independent Floor',10000,150000,10,'Sanand, Ahmedabad','Unfurnished');
INSERT INTO `ahmedabad_renting_property`(`property_id_ahmedabad`,`property_type`,`area_sqft`,`price`,`bhk_type`,`location`,`furnish_type`) VALUES (9,'Independent Floor',1300,25000,2,'Jodhpur, Ahmedabad','Fully Furnished');
INSERT INTO `ahmedabad_renting_property`(`property_id_ahmedabad`,`property_type`,`area_sqft`,`price`,`bhk_type`,`location`,`furnish_type`) VALUES (10,'Villa',3600,150000,5,'Science City, Ahmedabad','Fully Furnished');
INSERT INTO `ahmedabad_renting_property`(`property_id_ahmedabad`,`property_type`,`area_sqft`,`price`,`bhk_type`,`location`,`furnish_type`) VALUES (11,'Villa',1600,16000,3,'Banglo,Ghuma, Ahmedabad','Unfurnished');
INSERT INTO `ahmedabad_renting_property`(`property_id_ahmedabad`,`property_type`,`area_sqft`,`price`,`bhk_type`,`location`,`furnish_type`) VALUES (12,'Villa',1600,45000,3,'SATELLITE,Jodhpur, Ahmedabad','Semi Furnished');

INSERT INTO `ahmedabad_renting_seller` (`property_id_ahmedabad`,`seller`,`seller_type`) VALUES (1,'Inspacial Real Estate','Housing Prime Agent');
INSERT INTO `ahmedabad_renting_seller` (`property_id_ahmedabad`,`seller`,`seller_type`) VALUES (2,'PRIME','Housing Prime Agent');
INSERT INTO `ahmedabad_renting_seller` (`property_id_ahmedabad`,`seller`,`seller_type`) VALUES (3,'SWASTIK','Housing Prime Agent');
INSERT INTO `ahmedabad_renting_seller` (`property_id_ahmedabad`,`seller`,`seller_type`) VALUES (4,'Yauwan Raval','Housing Expert');
INSERT INTO `ahmedabad_renting_seller` (`property_id_ahmedabad`,`seller`,`seller_type`) VALUES (5,'Priti Shah','Owner');
INSERT INTO `ahmedabad_renting_seller` (`property_id_ahmedabad`,`seller`,`seller_type`) VALUES (6,'Upendra Patel','Housing Prime Agent');
INSERT INTO `ahmedabad_renting_seller` (`property_id_ahmedabad`,`seller`,`seller_type`) VALUES (7,'Shirish Visnagari','Owner');
INSERT INTO `ahmedabad_renting_seller` (`property_id_ahmedabad`,`seller`,`seller_type`) VALUES (8,'Nivaas Properties','Housing Prime Agent');
INSERT INTO `ahmedabad_renting_seller` (`property_id_ahmedabad`,`seller`,`seller_type`) VALUES (9,'Ronak','Housing Prime Agent');
INSERT INTO `ahmedabad_renting_seller` (`property_id_ahmedabad`,`seller`,`seller_type`) VALUES (10,'Shree Ram Property Solution','Housing Expert');
INSERT INTO `ahmedabad_renting_seller` (`property_id_ahmedabad`,`seller`,`seller_type`) VALUES (11,'Ramesh Gohel','Housing Prime Agent');
INSERT INTO `ahmedabad_renting_seller` (`property_id_ahmedabad`,`seller`,`seller_type`) VALUES (12,'Arush Jain','Housing Prime Agent');

INSERT INTO `bangalore_renting_property` (`property_id_bangalore`,`property_type`,`area_sqft`,`price`,`bhk_type`,`location`,`furnish_type`) VALUES (1,'Apartment',1600,45000,3,'Bren Zahara,Eastwood Township, Harlur,Bangalore','Semi Furnished');
INSERT INTO `bangalore_renting_property` (`property_id_bangalore`,`property_type`,`area_sqft`,`price`,`bhk_type`,`location`,`furnish_type`) VALUES (2,'Apartment',1150,25000,2,'Coconest,Yemalur, Bangalore','Semi Furnished');
INSERT INTO `bangalore_renting_property` (`property_id_bangalore`,`property_type`,`area_sqft`,`price`,`bhk_type`,`location`,`furnish_type`) VALUES (3,'Apartment',400,10000,1,'Alpine Eco','Fully Furnished');
INSERT INTO `bangalore_renting_property` (`property_id_bangalore`,`property_type`,`area_sqft`,`price`,`bhk_type`,`location`,`furnish_type`) VALUES (4,'Independent House',1600,20000,2,'Amrutahalli, Bangalore','Semi Furnished');
INSERT INTO `bangalore_renting_property` (`property_id_bangalore`,`property_type`,`area_sqft`,`price`,`bhk_type`,`location`,`furnish_type`) VALUES (5,'Independent House',750,16000,2,'Guttahalli, Bangalore','Fully Furnished');
INSERT INTO `bangalore_renting_property` (`property_id_bangalore`,`property_type`,`area_sqft`,`price`,`bhk_type`,`location`,`furnish_type`) VALUES (6,'Independent Floor',800,20000,2,'Jakkasandra Extension, Koramangala,Bangalore','Unfurnished');
INSERT INTO `bangalore_renting_property` (`property_id_bangalore`,`property_type`,`area_sqft`,`price`,`bhk_type`,`location`,`furnish_type`) VALUES (7,'Independent Floor',2000,35000,3,'KPC Layout, Bangalore','Semi Furnished');
INSERT INTO `bangalore_renting_property` (`property_id_bangalore`,`property_type`,`area_sqft`,`price`,`bhk_type`,`location`,`furnish_type`) VALUES (8,'Independent Floor',650,9500,1,'7th Phase, JP Nagar,Bangalore','Fully Furnished');
INSERT INTO `bangalore_renting_property` (`property_id_bangalore`,`property_type`,`area_sqft`,`price`,`bhk_type`,`location`,`furnish_type`) VALUES (9,'Villa',2400,47000,3,'Prestige Augusta Golf Village,Hennur, Bangalore','Unfurnished');
INSERT INTO `bangalore_renting_property` (`property_id_bangalore`,`property_type`,`area_sqft`,`price`,`bhk_type`,`location`,`furnish_type`) VALUES (10,'Villa',4500,150000,4,'Skylark Greens,Phase 2, Whitefield,Bangalore','Semi Furnished');
INSERT INTO `bangalore_renting_property` (`property_id_bangalore`,`property_type`,`area_sqft`,`price`,`bhk_type`,`location`,`furnish_type`) VALUES (11,'Villa',3050,50000,4,'Whitestone Rosario,Sonnenahalli, Krishnarajapura,Bangalore','Fully Furnished');
INSERT INTO `bangalore_renting_property` (`property_id_bangalore`,`property_type`,`area_sqft`,`price`,`bhk_type`,`location`,`furnish_type`) VALUES (12,'Independent House',750,15000,1,'Belur Nagasandra, Bellandur,Bangalore','Unfurnished');

INSERT INTO `bangalore_renting_seller` (`property_id_bangalore`,`seller`,`seller_type`) VALUES (1,'Azuro Property Management','Housing Expert');
INSERT INTO `bangalore_renting_seller` (`property_id_bangalore`,`seller`,`seller_type`) VALUES (2,'Urban Capital','Housing Expert');
INSERT INTO `bangalore_renting_seller` (`property_id_bangalore`,`seller`,`seller_type`) VALUES (3,'Richie','Owner');
INSERT INTO `bangalore_renting_seller` (`property_id_bangalore`,`seller`,`seller_type`) VALUES (4,'Nagarajarao','Owner');
INSERT INTO `bangalore_renting_seller` (`property_id_bangalore`,`seller`,`seller_type`) VALUES (5,'S Raghavendra','Owner');
INSERT INTO `bangalore_renting_seller` (`property_id_bangalore`,`seller`,`seller_type`) VALUES (6,'Harshith Gowda','Housing Prime Agent');
INSERT INTO `bangalore_renting_seller` (`property_id_bangalore`,`seller`,`seller_type`) VALUES (7,'Manjula Venkatesh','Owner');
INSERT INTO `bangalore_renting_seller` (`property_id_bangalore`,`seller`,`seller_type`) VALUES (8,'Fayaz','Owner');
INSERT INTO `bangalore_renting_seller` (`property_id_bangalore`,`seller`,`seller_type`) VALUES (9,'Propleader','Housing Expert');
INSERT INTO `bangalore_renting_seller` (`property_id_bangalore`,`seller`,`seller_type`) VALUES (10,'Urnest','Housing Expert');
INSERT INTO `bangalore_renting_seller` (`property_id_bangalore`,`seller`,`seller_type`) VALUES (11,'Girija Muni','Owner');
INSERT INTO `bangalore_renting_seller` (`property_id_bangalore`,`seller`,`seller_type`) VALUES (12,'N VIJAY','Owner');

INSERT INTO `chennai_renting_property` (`property_id_chennai`,`property_type`,`area_sqft`,`price`,`bhk_type`,`location`,`furnish_type`) VALUES (1,'Apartment',1008,22000,2,'Appaswamy The Bloomingdale,MGR Nagar, Pammal,Chennai','Fully Furnished');
INSERT INTO `chennai_renting_property` (`property_id_chennai`,`property_type`,`area_sqft`,`price`,`bhk_type`,`location`,`furnish_type`) VALUES (2,'Apartment',2400,60000,3,'Kilpauk, Chennai','Semi Furnished');
INSERT INTO `chennai_renting_property` (`property_id_chennai`,`property_type`,`area_sqft`,`price`,`bhk_type`,`location`,`furnish_type`) VALUES (3,'Apartment',900,10000,2,'Urapakkam, Chennai','Unfurnished');
INSERT INTO `chennai_renting_property` (`property_id_chennai`,`property_type`,`area_sqft`,`price`,`bhk_type`,`location`,`furnish_type`) VALUES (4,'Independent House',850,9000,2,'Mudichur, Chennai','Unfurnished');
INSERT INTO `chennai_renting_property` (`property_id_chennai`,`property_type`,`area_sqft`,`price`,`bhk_type`,`location`,`furnish_type`) VALUES (5,'Independent House',710,21000,1,'Malathi homes,Sri Ram Nagar, Alwarpet,Chennai','Fully Furnished');
INSERT INTO `chennai_renting_property` (`property_id_chennai`,`property_type`,`area_sqft`,`price`,`bhk_type`,`location`,`furnish_type`) VALUES (6,'Independent House',6100,200000,4,'Panaiyur, Chennai','Semi Furnished');
INSERT INTO `chennai_renting_property` (`property_id_chennai`,`property_type`,`area_sqft`,`price`,`bhk_type`,`location`,`furnish_type`) VALUES (7,'Independent Floor',1300,45000,2,'Chetpet, Chennai','Fully Furnished');
INSERT INTO `chennai_renting_property` (`property_id_chennai`,`property_type`,`area_sqft`,`price`,`bhk_type`,`location`,`furnish_type`) VALUES (8,'Independent Floor',1600,20000,2,'Surendra Nagar, Adambakkam,Chennai','Unfurnished');
INSERT INTO `chennai_renting_property` (`property_id_chennai`,`property_type`,`area_sqft`,`price`,`bhk_type`,`location`,`furnish_type`) VALUES (9,'Independent Floor',900,10000,2,'Velachery, Chennai','Semi Furnished');
INSERT INTO `chennai_renting_property` (`property_id_chennai`,`property_type`,`area_sqft`,`price`,`bhk_type`,`location`,`furnish_type`) VALUES (10,'Villa',490,14000,1,'Malathi homes,Padupakkam, Triplicane,Chennai','Fully Furnished');
INSERT INTO `chennai_renting_property` (`property_id_chennai`,`property_type`,`area_sqft`,`price`,`bhk_type`,`location`,`furnish_type`) VALUES (11,'Villa',3680,110000,4,'Neelankarai, Chennai','Semi Furnished');
INSERT INTO `chennai_renting_property` (`property_id_chennai`,`property_type`,`area_sqft`,`price`,`bhk_type`,`location`,`furnish_type`) VALUES (12,'Villa',1505,15000,3,'Neelankarai, Chennai','Unfurnished');

INSERT INTO `chennai_renting_seller` (`property_id_chennai`,`seller`,`seller_type`) VALUES (1,'Day2day Management','Housing Expert');
INSERT INTO `chennai_renting_seller` (`property_id_chennai`,`seller`,`seller_type`) VALUES (2,'Krish Realty','Housing Expert');
INSERT INTO `chennai_renting_seller` (`property_id_chennai`,`seller`,`seller_type`) VALUES (3,'DrRSivakumar','Owner');
INSERT INTO `chennai_renting_seller` (`property_id_chennai`,`seller`,`seller_type`) VALUES (4,'Balaji Rajamani','Owner');
INSERT INTO `chennai_renting_seller` (`property_id_chennai`,`seller`,`seller_type`) VALUES (5,'Gentleman Realestate','Housing Prime Agent');
INSERT INTO `chennai_renting_seller` (`property_id_chennai`,`seller`,`seller_type`) VALUES (6,'JOSH MAGIMA CONSULTANT','Housing Prime Agent');
INSERT INTO `chennai_renting_seller` (`property_id_chennai`,`seller`,`seller_type`) VALUES (7,'REALTY INDIA','Housing Expert');
INSERT INTO `chennai_renting_seller` (`property_id_chennai`,`seller`,`seller_type`) VALUES (8,'Veni','Owner');
INSERT INTO `chennai_renting_seller` (`property_id_chennai`,`seller`,`seller_type`) VALUES (9,'Kamesh','Housing Prime Agent');
INSERT INTO `chennai_renting_seller` (`property_id_chennai`,`seller`,`seller_type`) VALUES (10,'Gentleman Realestate','Housing Prime Agent');
INSERT INTO `chennai_renting_seller` (`property_id_chennai`,`seller`,`seller_type`) VALUES (11,'GL Reddy','Housing Prime Agent');
INSERT INTO `chennai_renting_seller` (`property_id_chennai`,`seller`,`seller_type`) VALUES (12,'Sri Ganesh','Owner');

INSERT INTO `delhi_renting_property` (`property_id_delhi`,`property_type`,`area_sqft`,`price`,`bhk_type`,`location`,`furnish_type`) VALUES (1,'Apartment',460,13000,1,'Near Saket metro ,Saket, New Delhi','Fully Furnished');
INSERT INTO `delhi_renting_property` (`property_id_delhi`,`property_type`,`area_sqft`,`price`,`bhk_type`,`location`,`furnish_type`) VALUES (2,'Apartment',1550,40000,3,'Sector B, Vasant Kunj,New Delhi','Unfurnished');
INSERT INTO `delhi_renting_property` (`property_id_delhi`,`property_type`,`area_sqft`,`price`,`bhk_type`,`location`,`furnish_type`) VALUES (3,'Apartment',1800,62000,4,'Sector D, Vasant Kunj,New Delhi','Semi Furnished');
INSERT INTO `delhi_renting_property` (`property_id_delhi`,`property_type`,`area_sqft`,`price`,`bhk_type`,`location`,`furnish_type`) VALUES (4,'Independent House',475,10000,1,'Old Rajinder Nagar, Rajinder Nagar,New Delhi','Fully Furnished');
INSERT INTO `delhi_renting_property` (`property_id_delhi`,`property_type`,`area_sqft`,`price`,`bhk_type`,`location`,`furnish_type`) VALUES (5,'Independent House',450,7000,1,'Govindpuri, New Delhi','Unfurnished');
INSERT INTO `delhi_renting_property` (`property_id_delhi`,`property_type`,`area_sqft`,`price`,`bhk_type`,`location`,`furnish_type`) VALUES (6,'Independent House',550,12000,2,'Shastri Nagar, New Delhi','Semi Furnished');
INSERT INTO `delhi_renting_property` (`property_id_delhi`,`property_type`,`area_sqft`,`price`,`bhk_type`,`location`,`furnish_type`) VALUES (7,'Independent Floor',315,11500,1,'Hudson Lane, GTB Nagar,New Delhi','Fully Furnished');
INSERT INTO `delhi_renting_property` (`property_id_delhi`,`property_type`,`area_sqft`,`price`,`bhk_type`,`location`,`furnish_type`) VALUES (8,'Independent Floor',1800,37000,3,'Block B, Raja Garden,New Delhi','Semi Furnished');
INSERT INTO `delhi_renting_property` (`property_id_delhi`,`property_type`,`area_sqft`,`price`,`bhk_type`,`location`,`furnish_type`) VALUES (9,'Independent Floor',1500,27000,2,'Rana Pratap Bagh, Ashok Vihar,New Delhi','Unfurnished');
INSERT INTO `delhi_renting_property` (`property_id_delhi`,`property_type`,`area_sqft`,`price`,`bhk_type`,`location`,`furnish_type`) VALUES (10,'Villa',1800,52000,4,'Saket, New Delhi','Semi Furnished');
INSERT INTO `delhi_renting_property` (`property_id_delhi`,`property_type`,`area_sqft`,`price`,`bhk_type`,`location`,`furnish_type`) VALUES (11,'Villa',560,6000,2,'Dharampura, Najafgarh,New Delhi','Unfurnished');
INSERT INTO `delhi_renting_property` (`property_id_delhi`,`property_type`,`area_sqft`,`price`,`bhk_type`,`location`,`furnish_type`) VALUES (12,'Villa',200,20000,1,'Siraspur, New Delhi','Fully Furnished');

INSERT INTO `delhi_renting_seller` (`property_id_delhi`,`seller`,`seller_type`) VALUES (1,'Ashish Ashish Chaudhary','Housing Expert');
INSERT INTO `delhi_renting_seller` (`property_id_delhi`,`seller`,`seller_type`) VALUES (2,'World Wide Infra','Housing Expert');
INSERT INTO `delhi_renting_seller` (`property_id_delhi`,`seller`,`seller_type`) VALUES (3,'BenchMark Real Estate','Housing Expert');
INSERT INTO `delhi_renting_seller` (`property_id_delhi`,`seller`,`seller_type`) VALUES (4,'Sky Properties','Housing Expert');
INSERT INTO `delhi_renting_seller` (`property_id_delhi`,`seller`,`seller_type`) VALUES (5,'RV Associates','Housing Expert');
INSERT INTO `delhi_renting_seller` (`property_id_delhi`,`seller`,`seller_type`) VALUES (6,'Goldy','Housing Expert');
INSERT INTO `delhi_renting_seller` (`property_id_delhi`,`seller`,`seller_type`) VALUES (7,'Sky Properties','Housing Expert');
INSERT INTO `delhi_renting_seller` (`property_id_delhi`,`seller`,`seller_type`) VALUES (8,'Shashank Arora','Housing Expert');
INSERT INTO `delhi_renting_seller` (`property_id_delhi`,`seller`,`seller_type`) VALUES (9,'Sagar','Owner');
INSERT INTO `delhi_renting_seller` (`property_id_delhi`,`seller`,`seller_type`) VALUES (10,'Vicky Sharma','Housing Prime Agent');
INSERT INTO `delhi_renting_seller` (`property_id_delhi`,`seller`,`seller_type`) VALUES (11,'Gajender','Owner');
INSERT INTO `delhi_renting_seller` (`property_id_delhi`,`seller`,`seller_type`) VALUES (12,'Anu Kumar','Owner');

INSERT INTO `faridabad_renting_property` (`property_id_faridabad`,`property_type`,`area_sqft`,`price`,`bhk_type`,`location`,`furnish_type`) VALUES (1,'Apartment',1255,19000,2,'palm residency,Sector 76, Faridabad','Fully Furnished');
INSERT INTO `faridabad_renting_property` (`property_id_faridabad`,`property_type`,`area_sqft`,`price`,`bhk_type`,`location`,`furnish_type`) VALUES (2,'Apartment',4200,90000,4,'Omaxe The Forest Spa,Rocky Area, Sector 43,Faridabad','Semi Furnished');
INSERT INTO `faridabad_renting_property` (`property_id_faridabad`,`property_type`,`area_sqft`,`price`,`bhk_type`,`location`,`furnish_type`) VALUES (3,'Apartment',1740,12700,3,'Sector 77, Faridabad','Unfurnished');
INSERT INTO `faridabad_renting_property` (`property_id_faridabad`,`property_type`,`area_sqft`,`price`,`bhk_type`,`location`,`furnish_type`) VALUES (4,'Independent House',3150,32000,3,'Rajinder Singh Market, Sector 28,Faridabad','Semi Furnished');
INSERT INTO `faridabad_renting_property` (`property_id_faridabad`,`property_type`,`area_sqft`,`price`,`bhk_type`,`location`,`furnish_type`) VALUES (5,'Independent House',2250,30000,4,'Rajinder Singh Market, Sector 28,Faridabad','Fully Furnished');
INSERT INTO `faridabad_renting_property` (`property_id_faridabad`,`property_type`,`area_sqft`,`price`,`bhk_type`,`location`,`furnish_type`) VALUES (6,'Independent House',1300,13000,1,'Basement for rent,Sector 45, Faridabad','Unfurnished');
INSERT INTO `faridabad_renting_property` (`property_id_faridabad`,`property_type`,`area_sqft`,`price`,`bhk_type`,`location`,`furnish_type`) VALUES (7,'Independent Floor',1700,23000,3,'Jai Ambey Floors,Greenfields, Sector 42,Faridabad','Semi Furnished');
INSERT INTO `faridabad_renting_property` (`property_id_faridabad`,`property_type`,`area_sqft`,`price`,`bhk_type`,`location`,`furnish_type`) VALUES (8,'Independent Floor',1440,11000,2,'Sector 21d huda,Indira Enclave, Sector 21D,Faridabad','Unfurnished');
INSERT INTO `faridabad_renting_property` (`property_id_faridabad`,`property_type`,`area_sqft`,`price`,`bhk_type`,`location`,`furnish_type`) VALUES (9,'Independent Floor',1750,17500,3,'BPTP Parklands Pride,Sector 77, Faridabad','Fully Furnished');
INSERT INTO `faridabad_renting_property` (`property_id_faridabad`,`property_type`,`area_sqft`,`price`,`bhk_type`,`location`,`furnish_type`) VALUES (10,'Villa',1200,20000,3,'HBH Colony, Sector 28,Faridabad','Semi Furnished');
INSERT INTO `faridabad_renting_property` (`property_id_faridabad`,`property_type`,`area_sqft`,`price`,`bhk_type`,`location`,`furnish_type`) VALUES (11,'Villa',500,3000,2,'Jasana, Faridabad','Unfurnished');
INSERT INTO `faridabad_renting_property` (`property_id_faridabad`,`property_type`,`area_sqft`,`price`,`bhk_type`,`location`,`furnish_type`) VALUES (12,'Villa',4500,25000,4,'Sector 85 A block,Sector 85, Faridabad','Fully Furnished');

INSERT INTO `faridabad_renting_seller` (`property_id_faridabad`,`seller`,`seller_type`) VALUES (1,'Aggarwal Buildtech','Housing Expert');
INSERT INTO `faridabad_renting_seller` (`property_id_faridabad`,`seller`,`seller_type`) VALUES (2,'RK Arora','Housing Expert');
INSERT INTO `faridabad_renting_seller` (`property_id_faridabad`,`seller`,`seller_type`) VALUES (3,'Nestaway Technologies Pvt. Ltd','Housing Expert');
INSERT INTO `faridabad_renting_seller` (`property_id_faridabad`,`seller`,`seller_type`) VALUES (4,'Shriram Associates (VIVEK KAPOOR)','Housing Expert');
INSERT INTO `faridabad_renting_seller` (`property_id_faridabad`,`seller`,`seller_type`) VALUES (5,'RK Arora','Housing Expert');
INSERT INTO `faridabad_renting_seller` (`property_id_faridabad`,`seller`,`seller_type`) VALUES (6,'Gambhir Singh Lamba','Owner');
INSERT INTO `faridabad_renting_seller` (`property_id_faridabad`,`seller`,`seller_type`) VALUES (7,'Jai Ambey Properties & Construction Co','Housing Expert');
INSERT INTO `faridabad_renting_seller` (`property_id_faridabad`,`seller`,`seller_type`) VALUES (8,'Asmi Properties & Construction','Housing Prime Agent');
INSERT INTO `faridabad_renting_seller` (`property_id_faridabad`,`seller`,`seller_type`) VALUES (9,'JKM Associates','Housing Prime Agent');
INSERT INTO `faridabad_renting_seller` (`property_id_faridabad`,`seller`,`seller_type`) VALUES (10,'R C','Owner');
INSERT INTO `faridabad_renting_seller` (`property_id_faridabad`,`seller`,`seller_type`) VALUES (11,'Prabhu','Owner');
INSERT INTO `faridabad_renting_seller` (`property_id_faridabad`,`seller`,`seller_type`) VALUES (12,'Royal Homes','Agent');

INSERT INTO `ghaziabad_renting_property` (`property_id_ghaziabad`,`property_type`,`area_sqft`,`price`,`bhk_type`,`locationl`,`furnish_type`) VALUES (1,'Apartment',1350,18500,3,'Mahagun Mosaic,Sector 4, Vaishali,Ghaziabad','Semi Furnished');
INSERT INTO `ghaziabad_renting_property` (`property_id_ghaziabad`,`property_type`,`area_sqft`,`price`,`bhk_type`,`locationl`,`furnish_type`) VALUES (2,'Apartment',1000,15000,2,'Gyan khand 2,Gyan Khand II, Gyan Khand,Ghaziabad','Fully Furnished');
INSERT INTO `ghaziabad_renting_property` (`property_id_ghaziabad`,`property_type`,`area_sqft`,`price`,`bhk_type`,`locationl`,`furnish_type`) VALUES (3,'Independent House',1800,20000,4,'Loni Dehat, Ghaziabad','Semi Furnished');
INSERT INTO `ghaziabad_renting_property` (`property_id_ghaziabad`,`property_type`,`area_sqft`,`price`,`bhk_type`,`locationl`,`furnish_type`) VALUES (4,'Independent House',700,12000,2,'Sector 3, Vaishali,Ghaziabad','Unfurnished');
INSERT INTO `ghaziabad_renting_property` (`property_id_ghaziabad`,`property_type`,`area_sqft`,`price`,`bhk_type`,`locationl`,`furnish_type`) VALUES (5,'Independent House',800,15500,2,'Gyan Khand II, Gyan Khand,Ghaziabad','Fully Furnished');
INSERT INTO `ghaziabad_renting_property` (`property_id_ghaziabad`,`property_type`,`area_sqft`,`price`,`bhk_type`,`locationl`,`furnish_type`) VALUES (6,'Independent Floor',1550,15000,3,'Gyan Khand I, Gyan Khand,Ghaziabad','Semi Furnished');
INSERT INTO `ghaziabad_renting_property` (`property_id_ghaziabad`,`property_type`,`area_sqft`,`price`,`bhk_type`,`locationl`,`furnish_type`) VALUES (7,'Independent Floor',442,7000,1,'vasundhra ,Sector 13, Vasundhara,Ghaziabad','Unfurnished');
INSERT INTO `ghaziabad_renting_property` (`property_id_ghaziabad`,`property_type`,`area_sqft`,`price`,`bhk_type`,`locationl`,`furnish_type`) VALUES (8,'Independent Floor',3000,45000,4,'Agarwal Aditya Mega City,Vaibhav Khand, Ghaziabad','Fully Furnished');
INSERT INTO `ghaziabad_renting_property` (`property_id_ghaziabad`,`property_type`,`area_sqft`,`price`,`bhk_type`,`locationl`,`furnish_type`) VALUES (9,'Villa',1800,18000,3,'Lal Kuan, Ghaziabad','Fully Furnished');
INSERT INTO `ghaziabad_renting_property` (`property_id_ghaziabad`,`property_type`,`area_sqft`,`price`,`bhk_type`,`locationl`,`furnish_type`) VALUES (10,'Villa',2000,12000,3,'Tronica City, Ghaziabad','Unfurnished');
INSERT INTO `ghaziabad_renting_property` (`property_id_ghaziabad`,`property_type`,`area_sqft`,`price`,`bhk_type`,`locationl`,`furnish_type`) VALUES (11,'Villa',1800,25000,3,'Kaushambi, Ghaziabad','Semi Furnished');
INSERT INTO `ghaziabad_renting_property` (`property_id_ghaziabad`,`property_type`,`area_sqft`,`price`,`bhk_type`,`locationl`,`furnish_type`) VALUES (12,'Apartment',1200,15000,2,'Sector 4C, Vasundhara,Ghaziabad','Unfurnished');


INSERT INTO `ghaziabad_property_seller` (`property_id_gurgaon`,`seller`,`seller_type`) VALUES (1,'Sunlike Estates Private Limited','Housing Expert');
INSERT INTO `ghaziabad_property_seller` (`property_id_gurgaon`,`seller`,`seller_type`) VALUES (2,'LAXMAN RAWAT','Housing Expert');
INSERT INTO `ghaziabad_property_seller` (`property_id_gurgaon`,`seller`,`seller_type`) VALUES (3,'Ram Kishore','Housing Prime Agent');
INSERT INTO `ghaziabad_property_seller` (`property_id_gurgaon`,`seller`,`seller_type`) VALUES (4,'\"INVESTOR INDIA\"','Housing Prime Agent');
INSERT INTO `ghaziabad_property_seller` (`property_id_gurgaon`,`seller`,`seller_type`) VALUES (5,'Hardit','Housing Prime Agent');
INSERT INTO `ghaziabad_property_seller` (`property_id_gurgaon`,`seller`,`seller_type`) VALUES (6,'Sunlike Estates Private Limited','Housing Expert');
INSERT INTO `ghaziabad_property_seller` (`property_id_gurgaon`,`seller`,`seller_type`) VALUES (7,'Rahul Kaushik','Housing Prime Agent');
INSERT INTO `ghaziabad_property_seller` (`property_id_gurgaon`,`seller`,`seller_type`) VALUES (8,'Shivani','Housing Prime Agent');
INSERT INTO `ghaziabad_property_seller` (`property_id_gurgaon`,`seller`,`seller_type`) VALUES (9,'Aman','Owner');
INSERT INTO `ghaziabad_property_seller` (`property_id_gurgaon`,`seller`,`seller_type`) VALUES (10,'Akash','Owner');
INSERT INTO `ghaziabad_property_seller` (`property_id_gurgaon`,`seller`,`seller_type`) VALUES (11,'K. V. Singh','Agent');
INSERT INTO `ghaziabad_property_seller` (`property_id_gurgaon`,`seller`,`seller_type`) VALUES (12,'Nestaway Technologies Pvt. Ltd','Housing Expert');

INSERT INTO `gurgaon_renting_property` (`property_id_gurgaon`,`property_type`,`area_sqft`,`price`,`bhk_type`,`location`,`furnish_type`) VALUES (1,'Apartment',826,15000,2,'Shree Vardhman Mantra,Sector 67, Gurgaon','Semi Furnished');
INSERT INTO `gurgaon_renting_property` (`property_id_gurgaon`,`property_type`,`area_sqft`,`price`,`bhk_type`,`location`,`furnish_type`) VALUES (2,'Apartment',1600,40000,3,'Tulip Violet,Sector 69, Gurgaon','Fully Furnished');
INSERT INTO `gurgaon_renting_property` (`property_id_gurgaon`,`property_type`,`area_sqft`,`price`,`bhk_type`,`location`,`furnish_type`) VALUES (3,'Apartment',1490,28000,3,'Sector 78, Gurgaon','Unfurnished');
INSERT INTO `gurgaon_renting_property` (`property_id_gurgaon`,`property_type`,`area_sqft`,`price`,`bhk_type`,`location`,`furnish_type`) VALUES (4,'Independent House',2367,50000,3,'Block B1, Sector 57,Gurgaon','Semi Furnished');
INSERT INTO `gurgaon_renting_property` (`property_id_gurgaon`,`property_type`,`area_sqft`,`price`,`bhk_type`,`location`,`furnish_type`) VALUES (5,'Independent House',3000,40000,4,'House sector 23,Sector 23, Gurgaon','Semi Furnished');
INSERT INTO `gurgaon_renting_property` (`property_id_gurgaon`,`property_type`,`area_sqft`,`price`,`bhk_type`,`location`,`furnish_type`) VALUES (6,'Independent House',1933,85000,4,'Ansal Sushant Lok I,C Block, Sushant Lok I,Gurgaon','Fully Furnished');
INSERT INTO `gurgaon_renting_property` (`property_id_gurgaon`,`property_type`,`area_sqft`,`price`,`bhk_type`,`location`,`furnish_type`) VALUES (7,'Independent Floor',2450,25000,2,'Sector 1, Palam Vihar,Gurgaon','Semi Furnished');
INSERT INTO `gurgaon_renting_property` (`property_id_gurgaon`,`property_type`,`area_sqft`,`price`,`bhk_type`,`location`,`furnish_type`) VALUES (8,'Independent Floor',1935,40000,3,'DLF Phase 3, Gurgaon','Fully Furnished');
INSERT INTO `gurgaon_renting_property` (`property_id_gurgaon`,`property_type`,`area_sqft`,`price`,`bhk_type`,`location`,`furnish_type`) VALUES (9,'Independent Floor',1250,8000,2,'Block B, Ashok Vihar Phase III Extension,Gurgaon','Unfurnished');
INSERT INTO `gurgaon_renting_property` (`property_id_gurgaon`,`property_type`,`area_sqft`,`price`,`bhk_type`,`location`,`furnish_type`) VALUES (10,'Villa',2844,150000,6,'DLF City II, DLF Phase 2,Gurgaon','Unfurnished');
INSERT INTO `gurgaon_renting_property` (`property_id_gurgaon`,`property_type`,`area_sqft`,`price`,`bhk_type`,`location`,`furnish_type`) VALUES (11,'Villa',7000,125000,5,'Sobha International City Presidential Villa,Sector 109, Gurgaon','Fully Furnished');
INSERT INTO `gurgaon_renting_property` (`property_id_gurgaon`,`property_type`,`area_sqft`,`price`,`bhk_type`,`location`,`furnish_type`) VALUES (12,'Villa',2100,34000,4,'Ansal Florence Villa,Sector 57, Gurgaon','Semi Furnished');

INSERT INTO `gurgaon_renting_seller` (`property_id_gurgaon`,`seller`,`seller_type`) VALUES (1,'Pramod Kumar','Housing Expert');
INSERT INTO `gurgaon_renting_seller` (`property_id_gurgaon`,`seller`,`seller_type`) VALUES (2,'Chauhan Properties','Housing Expert');
INSERT INTO `gurgaon_renting_seller` (`property_id_gurgaon`,`seller`,`seller_type`) VALUES (3,'Manjul','Owner');
INSERT INTO `gurgaon_renting_seller` (`property_id_gurgaon`,`seller`,`seller_type`) VALUES (4,'Amit Raghav','Housing Expert');
INSERT INTO `gurgaon_renting_seller` (`property_id_gurgaon`,`seller`,`seller_type`) VALUES (5,'On The Way Real Estate','Housing Expert');
INSERT INTO `gurgaon_renting_seller` (`property_id_gurgaon`,`seller`,`seller_type`) VALUES (6,'Ankit Raj','Housing Expert');
INSERT INTO `gurgaon_renting_seller` (`property_id_gurgaon`,`seller`,`seller_type`) VALUES (7,'On The Way Real Estate','Housing Expert');
INSERT INTO `gurgaon_renting_seller` (`property_id_gurgaon`,`seller`,`seller_type`) VALUES (8,'Amit Raghav','Housing Expert');
INSERT INTO `gurgaon_renting_seller` (`property_id_gurgaon`,`seller`,`seller_type`) VALUES (9,'Sourabh','Owner');
INSERT INTO `gurgaon_renting_seller` (`property_id_gurgaon`,`seller`,`seller_type`) VALUES (10,'Amit Raghav','Housing Expert');
INSERT INTO `gurgaon_renting_seller` (`property_id_gurgaon`,`seller`,`seller_type`) VALUES (11,'CRYSTAL PROPERTIES','Housing Expert');
INSERT INTO `gurgaon_renting_seller` (`property_id_gurgaon`,`seller`,`seller_type`) VALUES (12,'Satpal Harsana','Housing Prime Agent');

INSERT INTO `hyderabad_renting_property` (`property_id_hyderabad`,`property_type`,`area_sqft`,`price`,`bhk_type`,`location`,`furnish_type`) VALUES (1,'Apartment',1700,29000,3,'RVs Silpa hilltop,Gachibowli, Hyderabad','Fully Furnished');
INSERT INTO `hyderabad_renting_property` (`property_id_hyderabad`,`property_type`,`area_sqft`,`price`,`bhk_type`,`location`,`furnish_type`) VALUES (2,'Apartment',1100,18000,2,'Police Colony, Kondapur,Hyderabad','Semi Furnished');
INSERT INTO `hyderabad_renting_property` (`property_id_hyderabad`,`property_type`,`area_sqft`,`price`,`bhk_type`,`location`,`furnish_type`) VALUES (3,'Apartment',1650,18000,3,'Silpa Park, Kondapur,Hyderabad','Unfurnished');
INSERT INTO `hyderabad_renting_property` (`property_id_hyderabad`,`property_type`,`area_sqft`,`price`,`bhk_type`,`location`,`furnish_type`) VALUES (4,'Independent House',3680,40000,4,'Yapral, Hyderabad','Semi Furnished');
INSERT INTO `hyderabad_renting_property` (`property_id_hyderabad`,`property_type`,`area_sqft`,`price`,`bhk_type`,`location`,`furnish_type`) VALUES (5,'Independent House',5000,200000,6,'Picket, West Marredpally,Hyderabad','Unfurnished');
INSERT INTO `hyderabad_renting_property` (`property_id_hyderabad`,`property_type`,`area_sqft`,`price`,`bhk_type`,`location`,`furnish_type`) VALUES (6,'Independent House',1600,25000,3,'Dayara, Zamistanpur,Hyderabad','Fully Furnished');
INSERT INTO `hyderabad_renting_property` (`property_id_hyderabad`,`property_type`,`area_sqft`,`price`,`bhk_type`,`location`,`furnish_type`) VALUES (7,'Independent Floor',150,14500,1,'Kothaguda, Hyderabad','Fully Furnished');
INSERT INTO `hyderabad_renting_property` (`property_id_hyderabad`,`property_type`,`area_sqft`,`price`,`bhk_type`,`location`,`furnish_type`) VALUES (8,'Independent Floor',450,5251,1,'Ameerpet, Hyderabad','Semi Furnished');
INSERT INTO `hyderabad_renting_property` (`property_id_hyderabad`,`property_type`,`area_sqft`,`price`,`bhk_type`,`location`,`furnish_type`) VALUES (9,'Independent Floor',1200,10000,2,'Hema Nagar, Boduppal,Hyderabad','Unfurnished');
INSERT INTO `hyderabad_renting_property` (`property_id_hyderabad`,`property_type`,`area_sqft`,`price`,`bhk_type`,`location`,`furnish_type`) VALUES (10,'Villa',3000,25000,5,'Saket Township,Jai Jawan Colony, Kapra,Hyderabad','Semi Furnished');
INSERT INTO `hyderabad_renting_property` (`property_id_hyderabad`,`property_type`,`area_sqft`,`price`,`bhk_type`,`location`,`furnish_type`) VALUES (11,'Villa',3500,50000,5,'Suchirindia Timber Leaf,Sathamrai Village, Hyderabad','Unfurnished');
INSERT INTO `hyderabad_renting_property` (`property_id_hyderabad`,`property_type`,`area_sqft`,`price`,`bhk_type`,`location`,`furnish_type`) VALUES (12,'Villa',4000,75000,5,'Khaja Guda, Hyderabad','Fully Furnished');

INSERT INTO `hyderabad_renting_seller` (`property_id_hyderabad`,`seller`,`seller_type`) VALUES (1,'APM','Housing Expert');
INSERT INTO `hyderabad_renting_seller` (`property_id_hyderabad`,`seller`,`seller_type`) VALUES (2,'Deva Ramavath','Housing Expert');
INSERT INTO `hyderabad_renting_seller` (`property_id_hyderabad`,`seller`,`seller_type`) VALUES (3,'Madhu Parella','Owner');
INSERT INTO `hyderabad_renting_seller` (`property_id_hyderabad`,`seller`,`seller_type`) VALUES (4,'Shailendra','Owner');
INSERT INTO `hyderabad_renting_seller` (`property_id_hyderabad`,`seller`,`seller_type`) VALUES (5,'Vishwakanth','Owner');
INSERT INTO `hyderabad_renting_seller` (`property_id_hyderabad`,`seller`,`seller_type`) VALUES (6,'Sunrise Real-estate','Housing Prime Agent');
INSERT INTO `hyderabad_renting_seller` (`property_id_hyderabad`,`seller`,`seller_type`) VALUES (7,'Anjaneyareddy','Owner');
INSERT INTO `hyderabad_renting_seller` (`property_id_hyderabad`,`seller`,`seller_type`) VALUES (8,'AM Rentals','Housing Prime Agent');
INSERT INTO `hyderabad_renting_seller` (`property_id_hyderabad`,`seller`,`seller_type`) VALUES (9,'Dr. D.Sreeramulu (Uppal GHMC Limits)','Owner');
INSERT INTO `hyderabad_renting_seller` (`property_id_hyderabad`,`seller`,`seller_type`) VALUES (10,'MKS','Owner');
INSERT INTO `hyderabad_renting_seller` (`property_id_hyderabad`,`seller`,`seller_type`) VALUES (11,'Zoltan Properties','Housing Prime Agent');
INSERT INTO `hyderabad_renting_seller` (`property_id_hyderabad`,`seller`,`seller_type`) VALUES (12,'Shiva','Housing Prime Agent');

INSERT INTO `kokata_renting_property` (`property_id_kolkata`,`property_type`,`area_sqft`,`price`,`bhk_type`,`location`,`furnish_type`) VALUES (1,'Apartment',1100,17000,3,'Nagerbazar, Kolkata','Semi Furnished');
INSERT INTO `kokata_renting_property` (`property_id_kolkata`,`property_type`,`area_sqft`,`price`,`bhk_type`,`location`,`furnish_type`) VALUES (2,'Apartment',960,25000,3,'New Town, Kolkata','Fully Furnished');
INSERT INTO `kokata_renting_property` (`property_id_kolkata`,`property_type`,`area_sqft`,`price`,`bhk_type`,`location`,`furnish_type`) VALUES (3,'Apartment',1200,18000,3,'Maheshtala, Kolkata','Unfurnished');
INSERT INTO `kokata_renting_property` (`property_id_kolkata`,`property_type`,`area_sqft`,`price`,`bhk_type`,`location`,`furnish_type`) VALUES (4,'Independent House',350,6050,1,'CHANDRAKONA NIVAS,Nazirabad, Kolkata','Fully Furnished');
INSERT INTO `kokata_renting_property` (`property_id_kolkata`,`property_type`,`area_sqft`,`price`,`bhk_type`,`location`,`furnish_type`) VALUES (5,'Independent House',1600,10000,2,'Rajpur Sonarpur, Kolkata','Semi Furnished');
INSERT INTO `kokata_renting_property` (`property_id_kolkata`,`property_type`,`area_sqft`,`price`,`bhk_type`,`location`,`furnish_type`) VALUES (6,'Independent House',450,6500,1,'Picnic Garden, Kolkata','Unfurnished');
INSERT INTO `kokata_renting_property` (`property_id_kolkata`,`property_type`,`area_sqft`,`price`,`bhk_type`,`location`,`furnish_type`) VALUES (7,'Independent Floor',1100,10500,2,'Viveknagar, Garfa,Kolkata','Semi Furnished');
INSERT INTO `kokata_renting_property` (`property_id_kolkata`,`property_type`,`area_sqft`,`price`,`bhk_type`,`location`,`furnish_type`) VALUES (8,'Independent Floor',1100,20000,3,'Sector 2, VIP Nagar,Kolkata','Fully Furnished');
INSERT INTO `kokata_renting_property` (`property_id_kolkata`,`property_type`,`area_sqft`,`price`,`bhk_type`,`location`,`furnish_type`) VALUES (9,'Independent Floor',750,20000,1,'Barasat, Kolkata','Unfurnished');
INSERT INTO `kokata_renting_property` (`property_id_kolkata`,`property_type`,`area_sqft`,`price`,`bhk_type`,`location`,`furnish_type`) VALUES (10,'Villa',4250,170000,3,'Sans Souci,Alipore, Kolkata','Semi Furnished');
INSERT INTO `kokata_renting_property` (`property_id_kolkata`,`property_type`,`area_sqft`,`price`,`bhk_type`,`location`,`furnish_type`) VALUES (11,'Villa',2300,40000,3,'Vedic Village, Kolkata','Fully Furnished');
INSERT INTO `kokata_renting_property` (`property_id_kolkata`,`property_type`,`area_sqft`,`price`,`bhk_type`,`location`,`furnish_type`) VALUES (12,'Villa',900,11000,2,'Kalikapur, Kolkata','Unfurnished');

INSERT INTO `kolkata_renting_seller` (`property_id_kolkata`,`seller`,`seller_type`) VALUES (1,'Vivek Gupta','Owner');
INSERT INTO `kolkata_renting_seller` (`property_id_kolkata`,`seller`,`seller_type`) VALUES (2,'Mousum Banerjee','Owner');
INSERT INTO `kolkata_renting_seller` (`property_id_kolkata`,`seller`,`seller_type`) VALUES (3,'Priyanka Kumari','Owner');
INSERT INTO `kolkata_renting_seller` (`property_id_kolkata`,`seller`,`seller_type`) VALUES (4,'Aditi Das','Owner');
INSERT INTO `kolkata_renting_seller` (`property_id_kolkata`,`seller`,`seller_type`) VALUES (5,'Indranil Mondal','Owner');
INSERT INTO `kolkata_renting_seller` (`property_id_kolkata`,`seller`,`seller_type`) VALUES (6,'Hriday Enterprise','Housing Prime Agent');
INSERT INTO `kolkata_renting_seller` (`property_id_kolkata`,`seller`,`seller_type`) VALUES (7,'Raja Biswas','Owner');
INSERT INTO `kolkata_renting_seller` (`property_id_kolkata`,`seller`,`seller_type`) VALUES (8,'Maa Tara Properties','Housing Prime Agent');
INSERT INTO `kolkata_renting_seller` (`property_id_kolkata`,`seller`,`seller_type`) VALUES (9,'AUDAZ INFOTECH PRIVATE LIMITED','Housing Prime Agent');
INSERT INTO `kolkata_renting_seller` (`property_id_kolkata`,`seller`,`seller_type`) VALUES (10,'Secure Properties','Housing Prime Agent');
INSERT INTO `kolkata_renting_seller` (`property_id_kolkata`,`seller`,`seller_type`) VALUES (11,'Tanima','Owner');
INSERT INTO `kolkata_renting_seller` (`property_id_kolkata`,`seller`,`seller_type`) VALUES (12,'Joydeb Choudhury','Owner');

INSERT INTO `mumbai_renting_property` (`property_id_mumbai`,`property_type`,`area_sqft`,`price`,`bhk_type`,`location`,`furnish_type`) VALUES (1,'Apartment',650,27000,1,'Chincholi Bunder, Malad West,Mumbai','Semi Furnished');
INSERT INTO `mumbai_renting_property` (`property_id_mumbai`,`property_type`,`area_sqft`,`price`,`bhk_type`,`location`,`furnish_type`) VALUES (2,'Apartment',1100,110000,3,'Bandra West, Mumbai','Fully Furnished');
INSERT INTO `mumbai_renting_property` (`property_id_mumbai`,`property_type`,`area_sqft`,`price`,`bhk_type`,`location`,`furnish_type`) VALUES (3,'Apartment',750,48000,2,'Sunteck City Avenue 1,Jawahar Nagar, Goregaon West,Mumbai','Unfurnished');
INSERT INTO `mumbai_renting_property` (`property_id_mumbai`,`property_type`,`area_sqft`,`price`,`bhk_type`,`location`,`furnish_type`) VALUES (4,'Independent House',750,29000,1,'Vikhroli East, Mumbai','Unfurnished');
INSERT INTO `mumbai_renting_property` (`property_id_mumbai`,`property_type`,`area_sqft`,`price`,`bhk_type`,`location`,`furnish_type`) VALUES (5,'Independent House',590,35000,1,'Bandra West, Mumbai','Semi Furnished');
INSERT INTO `mumbai_renting_property` (`property_id_mumbai`,`property_type`,`area_sqft`,`price`,`bhk_type`,`location`,`furnish_type`) VALUES (6,'Independent House',4500,1000000,4,'Airport Area, Juhu,Mumbai','Fully Furnished');
INSERT INTO `mumbai_renting_property` (`property_id_mumbai`,`property_type`,`area_sqft`,`price`,`bhk_type`,`location`,`furnish_type`) VALUES (7,'Independent Floor',630,45000,2,'RCF Colony, Chembur,Mumbai','Semi Furnished');
INSERT INTO `mumbai_renting_property` (`property_id_mumbai`,`property_type`,`area_sqft`,`price`,`bhk_type`,`location`,`furnish_type`) VALUES (8,'Independent Floor',790,35000,2,'Somwari Bazar, Malad West,Mumbai','Unfurnished');
INSERT INTO `mumbai_renting_property` (`property_id_mumbai`,`property_type`,`area_sqft`,`price`,`bhk_type`,`location`,`furnish_type`) VALUES (9,'Independent Floor',1350,80000,3,'Prabhadevi, Mumbai','Fully Furnished');
INSERT INTO `mumbai_renting_property` (`property_id_mumbai`,`property_type`,`area_sqft`,`price`,`bhk_type`,`location`,`furnish_type`) VALUES (10,'Villa',5000,450000,4,'Khar West, Mumbai','Fully Furnished');
INSERT INTO `mumbai_renting_property` (`property_id_mumbai`,`property_type`,`area_sqft`,`price`,`bhk_type`,`location`,`furnish_type`) VALUES (11,'Villa',4200,500000,4,'MHADA Colony, Juhu,Mumbai','Semi Furnished');
INSERT INTO `mumbai_renting_property` (`property_id_mumbai`,`property_type`,`area_sqft`,`price`,`bhk_type`,`location`,`furnish_type`) VALUES (12,'Villa ',2700,53000,5,'Mandapeshwar, Dahisar West,Mumbai','Unfurnished');

INSERT INTO `mumbai_renting_seller` (`property_id_mumbai`,`seller`,`seller_type`) VALUES (1,'Dipak Kumar','Housing Expert');
INSERT INTO `mumbai_renting_seller` (`property_id_mumbai`,`seller`,`seller_type`) VALUES (2,'Sammy','Housing Expert');
INSERT INTO `mumbai_renting_seller` (`property_id_mumbai`,`seller`,`seller_type`) VALUES (3,'Azuro.in','Housing Expert');
INSERT INTO `mumbai_renting_seller` (`property_id_mumbai`,`seller`,`seller_type`) VALUES (4,'Sanket Jadhav','Housing Expert');
INSERT INTO `mumbai_renting_seller` (`property_id_mumbai`,`seller`,`seller_type`) VALUES (5,'Nestaway Technologies Pvt. Ltd','Housing Expert');
INSERT INTO `mumbai_renting_seller` (`property_id_mumbai`,`seller`,`seller_type`) VALUES (6,'Jyoti Gonsalves','Housing Prime Agent');
INSERT INTO `mumbai_renting_seller` (`property_id_mumbai`,`seller`,`seller_type`) VALUES (7,'Sumitra Aggarwal','Owner');
INSERT INTO `mumbai_renting_seller` (`property_id_mumbai`,`seller`,`seller_type`) VALUES (8,'Niki Sharma','Housing Prime Agent');
INSERT INTO `mumbai_renting_seller` (`property_id_mumbai`,`seller`,`seller_type`) VALUES (9,'LEHAK JAIN','Housing Expert');
INSERT INTO `mumbai_renting_seller` (`property_id_mumbai`,`seller`,`seller_type`) VALUES (10,'Tarik','Housing Prime Agent');
INSERT INTO `mumbai_renting_seller` (`property_id_mumbai`,`seller`,`seller_type`) VALUES (11,'Tejasvi Realty Pvt. Ltd.','Housing Expert');
INSERT INTO `mumbai_renting_seller` (`property_id_mumbai`,`seller`,`seller_type`) VALUES (12,'IC ESTATE CONSULTANCY','Housing Expert');

INSERT INTO `navi mumbai_renting_property` (`property_id_navi mumbai`,`property_type`,`area_sqft`,`price`,`bhk_type`,`location`,`furnish_type`) VALUES (1,'Apartment',1045,32000,2,'Kutak Bandhan, Kharghar,Navi Mumbai','Fully Furnished');
INSERT INTO `navi mumbai_renting_property` (`property_id_navi mumbai`,`property_type`,`area_sqft`,`price`,`bhk_type`,`location`,`furnish_type`) VALUES (2,'Apartment',600,18000,1,'Kopar Khairane, Navi Mumbai','Unfurnished');
INSERT INTO `navi mumbai_renting_property` (`property_id_navi mumbai`,`property_type`,`area_sqft`,`price`,`bhk_type`,`location`,`furnish_type`) VALUES (3,'Apartment',1265,28500,2,'Millenium Icon,Sector 15, Kharghar,Navi Mumbai','Semi Furnished');
INSERT INTO `navi mumbai_renting_property` (`property_id_navi mumbai`,`property_type`,`area_sqft`,`price`,`bhk_type`,`location`,`furnish_type`) VALUES (4,'Independent House',300,9000,1,'Sector 2, Airoli,Navi Mumbai','Semi Furnished');
INSERT INTO `navi mumbai_renting_property` (`property_id_navi mumbai`,`property_type`,`area_sqft`,`price`,`bhk_type`,`location`,`furnish_type`) VALUES (5,'Independent House',300,9000,1,'Sector 3, Airoli,Navi Mumbai','Unfurnished');
INSERT INTO `navi mumbai_renting_property` (`property_id_navi mumbai`,`property_type`,`area_sqft`,`price`,`bhk_type`,`location`,`furnish_type`) VALUES (6,'Independent House',1800,45000,4,'New Panvel East, Navi Mumbai','Fully Furnished');
INSERT INTO `navi mumbai_renting_property` (`property_id_navi mumbai`,`property_type`,`area_sqft`,`price`,`bhk_type`,`location`,`furnish_type`) VALUES (7,'Independent Floor',340,9500,1,'Sector 3, Airoli,Navi Mumbai','Unfurnished');
INSERT INTO `navi mumbai_renting_property` (`property_id_navi mumbai`,`property_type`,`area_sqft`,`price`,`bhk_type`,`location`,`furnish_type`) VALUES (8,'Independent Floor',1050,30000,2,'Kopar Khairane, Navi Mumbai','Fully Furnished');
INSERT INTO `navi mumbai_renting_property` (`property_id_navi mumbai`,`property_type`,`area_sqft`,`price`,`bhk_type`,`location`,`furnish_type`) VALUES (9,'Independent Floor',425,9750,1,'Airoli, Navi Mumbai','Semi Furnished');
INSERT INTO `navi mumbai_renting_property` (`property_id_navi mumbai`,`property_type`,`area_sqft`,`price`,`bhk_type`,`location`,`furnish_type`) VALUES (10,'Villa',2000,45000,3,'Airoli, Navi Mumbai','Semi Furnished');
INSERT INTO `navi mumbai_renting_property` (`property_id_navi mumbai`,`property_type`,`area_sqft`,`price`,`bhk_type`,`location`,`furnish_type`) VALUES (11,'Villa',2200,55000,4,'Airoli, Navi Mumbai','Unfurnished');
INSERT INTO `navi mumbai_renting_property` (`property_id_navi mumbai`,`property_type`,`area_sqft`,`price`,`bhk_type`,`location`,`furnish_type`) VALUES (12,'Villa',1600,85000,3,'Kopar Khairane, Navi Mumbai','Fully Furnished');

INSERT INTO `navi mumbai_renting_seller` (`property_id_navi mumbai`,`seller`,`seller_type`) VALUES (1,'Azuro.in','Housing Expert');
INSERT INTO `navi mumbai_renting_seller` (`property_id_navi mumbai`,`seller`,`seller_type`) VALUES (2,'APM','Housing Expert');
INSERT INTO `navi mumbai_renting_seller` (`property_id_navi mumbai`,`seller`,`seller_type`) VALUES (3,'Sanjay Sharma','Housing Expert');
INSERT INTO `navi mumbai_renting_seller` (`property_id_navi mumbai`,`seller`,`seller_type`) VALUES (4,'Bharat Agrawal','Housing Expert');
INSERT INTO `navi mumbai_renting_seller` (`property_id_navi mumbai`,`seller`,`seller_type`) VALUES (5,'Dev','Housing Prime Agent');
INSERT INTO `navi mumbai_renting_seller` (`property_id_navi mumbai`,`seller`,`seller_type`) VALUES (6,'Shakil','Housing Prime Agent');
INSERT INTO `navi mumbai_renting_seller` (`property_id_navi mumbai`,`seller`,`seller_type`) VALUES (7,'Manas Real Estate','Housing Expert');
INSERT INTO `navi mumbai_renting_seller` (`property_id_navi mumbai`,`seller`,`seller_type`) VALUES (8,'Goldy','Housing Expert');
INSERT INTO `navi mumbai_renting_seller` (`property_id_navi mumbai`,`seller`,`seller_type`) VALUES (9,'Kamlesh Gandhi','Owner');
INSERT INTO `navi mumbai_renting_seller` (`property_id_navi mumbai`,`seller`,`seller_type`) VALUES (10,'Hemant5d','Owner');
INSERT INTO `navi mumbai_renting_seller` (`property_id_navi mumbai`,`seller`,`seller_type`) VALUES (11,'Prafulla Shinde','Owner');
INSERT INTO `navi mumbai_renting_seller` (`property_id_navi mumbai`,`seller`,`seller_type`) VALUES (12,'Jayant','Agent');

INSERT INTO `noida_renting_property` (`property_id_noida`,`property_type`,`area_sqft`,`price`,`location`,`furnish_type`) VALUES (1,'Apartment',1660,18000,'Paras Tierea,Sector 137, Noida','Semi Furnished');
INSERT INTO `noida_renting_property` (`property_id_noida`,`property_type`,`area_sqft`,`price`,`location`,`furnish_type`) VALUES (2,'Apartment',925,11000,'Paras Tierea,Sector 137, Noida','Unfurnished');
INSERT INTO `noida_renting_property` (`property_id_noida`,`property_type`,`area_sqft`,`price`,`location`,`furnish_type`) VALUES (3,'Apartment',600,5500,'Sector 52, Noida','Fully Furnished');
INSERT INTO `noida_renting_property` (`property_id_noida`,`property_type`,`area_sqft`,`price`,`location`,`furnish_type`) VALUES (4,'Independent House',2700,150000,'Block B, Sector 92,Noida','Semi Furnished');
INSERT INTO `noida_renting_property` (`property_id_noida`,`property_type`,`area_sqft`,`price`,`location`,`furnish_type`) VALUES (5,'Independent House',1020,13000,'Pocket B, Sector 19,Noida','Fully Furnished');
INSERT INTO `noida_renting_property` (`property_id_noida`,`property_type`,`area_sqft`,`price`,`location`,`furnish_type`) VALUES (6,'Independent House',800,15700,'Block X, Sector 12,Noida','Unfurnished');
INSERT INTO `noida_renting_property` (`property_id_noida`,`property_type`,`area_sqft`,`price`,`location`,`furnish_type`) VALUES (7,'Independent Floor',3600,40000,'Sector 50, Noida','Semi Furnished');
INSERT INTO `noida_renting_property` (`property_id_noida`,`property_type`,`area_sqft`,`price`,`location`,`furnish_type`) VALUES (8,'Independent Floor',1750,14000,'Block A, Sector 47,Noida','Fully Furnished');
INSERT INTO `noida_renting_property` (`property_id_noida`,`property_type`,`area_sqft`,`price`,`location`,`furnish_type`) VALUES (9,'Independent Floor',600,11000,'Block E, Sector 1,Noida','Unfurnished');
INSERT INTO `noida_renting_property` (`property_id_noida`,`property_type`,`area_sqft`,`price`,`location`,`furnish_type`) VALUES (10,'Villa',2000,30000,'Block D, Sector 105,Noida','Fully Furnished');
INSERT INTO `noida_renting_property` (`property_id_noida`,`property_type`,`area_sqft`,`price`,`location`,`furnish_type`) VALUES (11,'Villa',3700,40000,'E Block, Sector 56,Noida','Semi Furnished');
INSERT INTO `noida_renting_property` (`property_id_noida`,`property_type`,`area_sqft`,`price`,`location`,`furnish_type`) VALUES (12,'Villa',3000,51000,'RWA SECTOR 50,Sector 50, Noida','Unfurnished');

INSERT INTO `noida_renting_seller` (`property_id_noida`,`seller`,`seller_type`) VALUES (1,'Abhishek Saran','Housing Expert');
INSERT INTO `noida_renting_seller` (`property_id_noida`,`seller`,`seller_type`) VALUES (2,'Ultime India','Housing Expert');
INSERT INTO `noida_renting_seller` (`property_id_noida`,`seller`,`seller_type`) VALUES (3,'Shresht','Owner');
INSERT INTO `noida_renting_seller` (`property_id_noida`,`seller`,`seller_type`) VALUES (4,'Karan','Housing Expert');
INSERT INTO `noida_renting_seller` (`property_id_noida`,`seller`,`seller_type`) VALUES (5,'Vikram Singh','Housing Prime Agent');
INSERT INTO `noida_renting_seller` (`property_id_noida`,`seller`,`seller_type`) VALUES (6,'Nestaway Technologies Pvt. Ltd','Housing Expert');
INSERT INTO `noida_renting_seller` (`property_id_noida`,`seller`,`seller_type`) VALUES (7,'Karan','Housing Expert');
INSERT INTO `noida_renting_seller` (`property_id_noida`,`seller`,`seller_type`) VALUES (8,'Shaw Real Estates','Housing Expert');
INSERT INTO `noida_renting_seller` (`property_id_noida`,`seller`,`seller_type`) VALUES (9,'Akash Kaushik','Housing Prime Agent');
INSERT INTO `noida_renting_seller` (`property_id_noida`,`seller`,`seller_type`) VALUES (10,'Gupta Ji Properties','Housing Expert');
INSERT INTO `noida_renting_seller` (`property_id_noida`,`seller`,`seller_type`) VALUES (11,'Mr Pankaj Nayar','Housing Expert');
INSERT INTO `noida_renting_seller` (`property_id_noida`,`seller`,`seller_type`) VALUES (12,'Sanjay Kumar','Housing Prime Agent');

INSERT INTO `pune_renting_property` (`property_id_pune`,`property_type`,`area_sqft`,`price`,`location`,`furnish_type`) VALUES (1,'Apartment',3000,200000,'Kasturi The Balmoral Estate,Baner, Pune','Fully Furnished');
INSERT INTO `pune_renting_property` (`property_id_pune`,`property_type`,`area_sqft`,`price`,`location`,`furnish_type`) VALUES (2,'Apartment',1492,24000,'Pebbles -II,Bavdhan, Pune','Semi Furnished');
INSERT INTO `pune_renting_property` (`property_id_pune`,`property_type`,`area_sqft`,`price`,`location`,`furnish_type`) VALUES (3,'Apartment',670,9000,'Green Hive Plus,Fursungi, Pune','Unfurnished');
INSERT INTO `pune_renting_property` (`property_id_pune`,`property_type`,`area_sqft`,`price`,`location`,`furnish_type`) VALUES (4,'Independent House',550,5500,'Wagholi, Pune','Unfurnished');
INSERT INTO `pune_renting_property` (`property_id_pune`,`property_type`,`area_sqft`,`price`,`location`,`furnish_type`) VALUES (5,'Independent House',700,15000,'Indira Nagar, Dhanori,Pune','Semi Furnished');
INSERT INTO `pune_renting_property` (`property_id_pune`,`property_type`,`area_sqft`,`price`,`location`,`furnish_type`) VALUES (6,'Independent House',3500,150000,'Rohan Seher,Baner, Pune','Fully Furnished');
INSERT INTO `pune_renting_property` (`property_id_pune`,`property_type`,`area_sqft`,`price`,`location`,`furnish_type`) VALUES (7,'Independent Floor',3000,100000,'Nilanjali Society, Kalyani Nagar,Pune','Fully Furnished');
INSERT INTO `pune_renting_property` (`property_id_pune`,`property_type`,`area_sqft`,`price`,`location`,`furnish_type`) VALUES (8,'Independent Floor',475,10000,'Pimple Saudagar, Pune','Unfurnished');
INSERT INTO `pune_renting_property` (`property_id_pune`,`property_type`,`area_sqft`,`price`,`location`,`furnish_type`) VALUES (9,'Independent Floor',1300,30000,'Baner Gaon, Baner,Pune','Semi Furnished');
INSERT INTO `pune_renting_property` (`property_id_pune`,`property_type`,`area_sqft`,`price`,`location`,`furnish_type`) VALUES (10,'Villa',3200,25000,'Mahadev Nagar, Dhayari,Pune','Unfurnished');
INSERT INTO `pune_renting_property` (`property_id_pune`,`property_type`,`area_sqft`,`price`,`location`,`furnish_type`) VALUES (11,'Villa',1400,23000,'Pimple Saudagar, Pune','Fully Furnished');
INSERT INTO `pune_renting_property` (`property_id_pune`,`property_type`,`area_sqft`,`price`,`location`,`furnish_type`) VALUES (12,'Villa',2500,40000,'Insignia ,Baner, Pune','Semi Furnished');

INSERT INTO `pune_renting_seller` (`property_id_pune`,`seller`,`seller_type`) VALUES (1,'Azuro Property Management','Housing Expert');
INSERT INTO `pune_renting_seller` (`property_id_pune`,`seller`,`seller_type`) VALUES (2,'Nitin','Housing Expert');
INSERT INTO `pune_renting_seller` (`property_id_pune`,`seller`,`seller_type`) VALUES (3,'Sai Real Estate','Housing Expert');
INSERT INTO `pune_renting_seller` (`property_id_pune`,`seller`,`seller_type`) VALUES (4,'SUSANTA NAYAK','Owner');
INSERT INTO `pune_renting_seller` (`property_id_pune`,`seller`,`seller_type`) VALUES (5,'Ajinkya Kamble','Owner');
INSERT INTO `pune_renting_seller` (`property_id_pune`,`seller`,`seller_type`) VALUES (6,'APM','Housing Expert');
INSERT INTO `pune_renting_seller` (`property_id_pune`,`seller`,`seller_type`) VALUES (7,'Titan Property','Housing Expert');
INSERT INTO `pune_renting_seller` (`property_id_pune`,`seller`,`seller_type`) VALUES (8,'Sudarshan','Owner');
INSERT INTO `pune_renting_seller` (`property_id_pune`,`seller`,`seller_type`) VALUES (9,'Nestaway Technologies Pvt. Ltd.','Housing Expert');
INSERT INTO `pune_renting_seller` (`property_id_pune`,`seller`,`seller_type`) VALUES (10,'Connect Realtors','Housing Prime Agent');
INSERT INTO `pune_renting_seller` (`property_id_pune`,`seller`,`seller_type`) VALUES (11,'Nirnay Real Estate','Housing Prime Agent');
INSERT INTO `pune_renting_seller` (`property_id_pune`,`seller`,`seller_type`) VALUES (12,'Suresh Yadav','Housing Prime Agent');

INSERT INTO `thane_renting_property` (`property_id`,`property_type`,`area_sqft`,`price`,`location`,`furnish_type`) VALUES (1,'Apartment',590,9500,'AMBAR PRIT,Thakurli, Thane','Semi Furnished');
INSERT INTO `thane_renting_property` (`property_id`,`property_type`,`area_sqft`,`price`,`location`,`furnish_type`) VALUES (2,'Apartment',1350,26000,'Shelar Park,Kalyan West, Thane','Unfurnished');
INSERT INTO `thane_renting_property` (`property_id`,`property_type`,`area_sqft`,`price`,`location`,`furnish_type`) VALUES (3,'Apartment',960,20000,'Kalyan West, Thane','Fully Furnished');
INSERT INTO `thane_renting_property` (`property_id`,`property_type`,`area_sqft`,`price`,`location`,`furnish_type`) VALUES (4,'Independent House',520,15500,'Kokanipada, Thane West,Thane','Fully Furnished');
INSERT INTO `thane_renting_property` (`property_id`,`property_type`,`area_sqft`,`price`,`location`,`furnish_type`) VALUES (5,'Independent House',680,28000,'Shivai Nagar, Thane West,Thane','Unfurnished');
INSERT INTO `thane_renting_property` (`property_id`,`property_type`,`area_sqft`,`price`,`location`,`furnish_type`) VALUES (6,'Independent House',850,20000,'Dharamveer Nagar, Thane','Semi Furnished');
INSERT INTO `thane_renting_property` (`property_id`,`property_type`,`area_sqft`,`price`,`location`,`furnish_type`) VALUES (7,'Independent Floor',720,20000,'Kokanipada, Thane West,Thane','Semi Furnished');
INSERT INTO `thane_renting_property` (`property_id`,`property_type`,`area_sqft`,`price`,`location`,`furnish_type`) VALUES (8,'Independent Floor',538,9000,'Kalyan East, Thane','Unfurnished');
INSERT INTO `thane_renting_property` (`property_id`,`property_type`,`area_sqft`,`price`,`location`,`furnish_type`) VALUES (9,'Independent Floor',660,15000,'Shilphata, Thane','Fully Furnished');
INSERT INTO `thane_renting_property` (`property_id`,`property_type`,`area_sqft`,`price`,`location`,`furnish_type`) VALUES (10,'Villa',600,10000,'Warai Tarf Waredi, Thane','Unfurnished');
INSERT INTO `thane_renting_property` (`property_id`,`property_type`,`area_sqft`,`price`,`location`,`furnish_type`) VALUES (11,'Villa',6000,60000,'Murbad, Thane','Semi Furnished');
INSERT INTO `thane_renting_property` (`property_id`,`property_type`,`area_sqft`,`price`,`location`,`furnish_type`) VALUES (12,'Villa',4500,50000,'Shahapur , Thane','Fully Furnished');

INSERT INTO `thane_renting_seller` (`property_id`,`seller`,`seller_type`) VALUES (1,'Rajeev','Housing Expert');
INSERT INTO `thane_renting_seller` (`property_id`,`seller`,`seller_type`) VALUES (2,'Sunny Pawar','Housing Prime Agent');
INSERT INTO `thane_renting_seller` (`property_id`,`seller`,`seller_type`) VALUES (3,'NS BINDRA','Housing Prime Agent');
INSERT INTO `thane_renting_seller` (`property_id`,`seller`,`seller_type`) VALUES (4,'Vijay','Housing Prime Agent');
INSERT INTO `thane_renting_seller` (`property_id`,`seller`,`seller_type`) VALUES (5,'Nestaway Technologies Pvt. Ltd','Housing Expert');
INSERT INTO `thane_renting_seller` (`property_id`,`seller`,`seller_type`) VALUES (6,'Nestaway Technologies Pvt. Ltd','Housing Expert');
INSERT INTO `thane_renting_seller` (`property_id`,`seller`,`seller_type`) VALUES (7,'Nestaway Technologies Pvt. Ltd.','Housing Expert');
INSERT INTO `thane_renting_seller` (`property_id`,`seller`,`seller_type`) VALUES (8,'Raju Sonawane','Agent');
INSERT INTO `thane_renting_seller` (`property_id`,`seller`,`seller_type`) VALUES (9,'Arifa Pathan','Owner');
INSERT INTO `thane_renting_seller` (`property_id`,`seller`,`seller_type`) VALUES (10,'Salauddin','Owner');
INSERT INTO `thane_renting_seller` (`property_id`,`seller`,`seller_type`) VALUES (11,'Mangal','Owner');
INSERT INTO `thane_renting_seller` (`property_id`,`seller`,`seller_type`) VALUES (12,'Jaiprakash Bhande','Owner');






